Source File: ,,
Source Device: Minilog-II-T-350540
Study Description: Escuminac NB surface X31 2021
Minilog Initialized: -0001--01--01 06:32:31 (UTC+0),,
Study Start Time: 2021-03-25 00:00:00,,
Study Stop Time: 2021-12-04 00:00:00,,
Sample Interval: 00:00:00,,
Date(yyyy-mm-dd),Time(hh:mm:ss),Temperature (°C)
2021-03-25,0:00:00,3.2
2021-03-25,2:00:00,1.9
2021-03-25,4:00:00,2.7
2021-03-25,6:00:00,2.4
2021-03-25,8:00:00,3.8
2021-03-25,10:00:00,6.3
2021-03-25,12:00:00,11.5
2021-03-25,14:00:00,14.5
2021-03-25,16:00:00,16.6
2021-03-25,18:00:00,14.8
2021-03-25,20:00:00,10.9
2021-03-25,22:00:00,8.7
2021-03-26,0:00:00,8.1
2021-03-26,2:00:00,8
2021-03-26,4:00:00,6.9
2021-03-26,6:00:00,7.8
2021-03-26,8:00:00,9
2021-03-26,10:00:00,10.2
2021-03-26,12:00:00,12.9
2021-03-26,14:00:00,11.4
2021-03-26,16:00:00,7.5
2021-03-26,18:00:00,6.9
2021-03-26,20:00:00,5.8
2021-03-26,22:00:00,4.4
2021-03-27,0:00:00,5.1
2021-03-27,2:00:00,3.4
2021-03-27,4:00:00,2.2
2021-03-27,6:00:00,1.2
2021-03-27,8:00:00,-0.1
2021-03-27,10:00:00,-0.5
2021-03-27,12:00:00,0.6
2021-03-27,14:00:00,1.8
2021-03-27,16:00:00,0.8
2021-03-27,18:00:00,0
2021-03-27,20:00:00,-0.7
2021-03-27,22:00:00,-1.2
2021-03-28,0:00:00,-1.5
2021-03-28,2:00:00,-1.5
2021-03-28,4:00:00,-1.5
2021-03-28,6:00:00,-1.6
2021-03-28,8:00:00,-1.4
2021-03-28,10:00:00,-0.7
2021-03-28,12:00:00,0.6
2021-03-28,14:00:00,1.4
2021-03-28,16:00:00,0
2021-03-28,18:00:00,1.2
2021-03-28,20:00:00,0.6
2021-03-28,22:00:00,0.7
2021-03-29,0:00:00,0
2021-03-29,2:00:00,0.9
2021-03-29,4:00:00,3.1
2021-03-29,6:00:00,4.2
2021-03-29,8:00:00,7.2
2021-03-29,10:00:00,9.2
2021-03-29,12:00:00,9.3
2021-03-29,14:00:00,5.6
2021-03-29,16:00:00,7.5
2021-03-29,18:00:00,3.8
2021-03-29,20:00:00,2.5
2021-03-29,22:00:00,1.2
2021-03-30,0:00:00,0.7
2021-03-30,2:00:00,-0.5
2021-03-30,4:00:00,-1.3
2021-03-30,6:00:00,-2
2021-03-30,8:00:00,-1.3
2021-03-30,10:00:00,-0.5
2021-03-30,12:00:00,0.6
2021-03-30,14:00:00,2.9
2021-03-30,16:00:00,4
2021-03-30,18:00:00,4.7
2021-03-30,20:00:00,3.3
2021-03-30,22:00:00,0.7
2021-03-31,0:00:00,-0.1
2021-03-31,2:00:00,-0.3
2021-03-31,4:00:00,-0.2
2021-03-31,6:00:00,0.3
2021-03-31,8:00:00,3.9
2021-03-31,10:00:00,6.7
2021-03-31,12:00:00,9.9
2021-03-31,14:00:00,12.8
2021-03-31,16:00:00,15.2
2021-03-31,18:00:00,14.7
2021-03-31,20:00:00,11.7
2021-03-31,22:00:00,8.5
2021-04-01,0:00:00,8.1
2021-04-01,2:00:00,8.1
2021-04-01,4:00:00,8.1
2021-04-01,6:00:00,6.4
2021-04-01,8:00:00,7.1
2021-04-01,10:00:00,9.1
2021-04-01,12:00:00,9.3
2021-04-01,14:00:00,9.2
2021-04-01,16:00:00,10.6
2021-04-01,18:00:00,10.5
2021-04-01,20:00:00,8.8
2021-04-01,22:00:00,9.4
2021-04-02,0:00:00,9.9
2021-04-02,2:00:00,9.8
2021-04-02,4:00:00,8.7
2021-04-02,6:00:00,6
2021-04-02,8:00:00,3.2
2021-04-02,10:00:00,2.7
2021-04-02,12:00:00,0
2021-04-02,14:00:00,-0.3
2021-04-02,16:00:00,-0.8
2021-04-02,18:00:00,-0.5
2021-04-02,20:00:00,-0.2
2021-04-02,22:00:00,0.1
2021-04-03,0:00:00,0.2
2021-04-03,2:00:00,-0.4
2021-04-03,4:00:00,-0.6
2021-04-03,6:00:00,-0.6
2021-04-03,8:00:00,-0.8
2021-04-03,10:00:00,-1.5
2021-04-03,12:00:00,-2
2021-04-03,14:00:00,-1.6
2021-04-03,16:00:00,0.3
2021-04-03,18:00:00,0.5
2021-04-03,20:00:00,0.8
2021-04-03,22:00:00,0.4
2021-04-04,0:00:00,0.4
2021-04-04,2:00:00,-0.2
2021-04-04,4:00:00,-0.1
2021-04-04,6:00:00,-0.2
2021-04-04,8:00:00,0
2021-04-04,10:00:00,-0.1
2021-04-04,12:00:00,-0.1
2021-04-04,14:00:00,-0.1
2021-04-04,16:00:00,-0.1
2021-04-04,18:00:00,-0.1
2021-04-04,20:00:00,0.1
2021-04-04,22:00:00,0.2
2021-04-05,0:00:00,0
2021-04-05,2:00:00,-0.1
2021-04-05,4:00:00,0.1
2021-04-05,6:00:00,0.1
2021-04-05,8:00:00,0.1
2021-04-05,10:00:00,0.2
2021-04-05,12:00:00,0.4
2021-04-05,14:00:00,0.4
2021-04-05,16:00:00,0.5
2021-04-05,18:00:00,0.3
2021-04-05,20:00:00,0.3
2021-04-05,22:00:00,0.2
2021-04-06,0:00:00,0.3
2021-04-06,2:00:00,0.3
2021-04-06,4:00:00,0.5
2021-04-06,6:00:00,0.5
2021-04-06,8:00:00,0.5
2021-04-06,10:00:00,0.5
2021-04-06,12:00:00,0.6
2021-04-06,14:00:00,0.4
2021-04-06,16:00:00,0.4
2021-04-06,18:00:00,0.4
2021-04-06,20:00:00,0.4
2021-04-06,22:00:00,1.1
2021-04-07,0:00:00,1
2021-04-07,2:00:00,0.9
2021-04-07,4:00:00,0.7
2021-04-07,6:00:00,0.5
2021-04-07,8:00:00,0.3
2021-04-07,10:00:00,0.2
2021-04-07,12:00:00,0.3
2021-04-07,14:00:00,0.5
2021-04-07,16:00:00,0.6
2021-04-07,18:00:00,0.9
2021-04-07,20:00:00,0.7
2021-04-07,22:00:00,1.1
2021-04-08,0:00:00,1.4
2021-04-08,2:00:00,1.5
2021-04-08,4:00:00,1
2021-04-08,6:00:00,1.1
2021-04-08,8:00:00,1
2021-04-08,10:00:00,0.9
2021-04-08,12:00:00,1.1
2021-04-08,14:00:00,1.2
2021-04-08,16:00:00,1.5
2021-04-08,18:00:00,0.9
2021-04-08,20:00:00,1
2021-04-08,22:00:00,1.2
2021-04-09,0:00:00,1.7
2021-04-09,2:00:00,1.5
2021-04-09,4:00:00,1.5
2021-04-09,6:00:00,1.3
2021-04-09,8:00:00,1.3
2021-04-09,10:00:00,1.3
2021-04-09,12:00:00,1.5
2021-04-09,14:00:00,1.1
2021-04-09,16:00:00,1.2
2021-04-09,18:00:00,1.2
2021-04-09,20:00:00,0.9
2021-04-09,22:00:00,0.7
2021-04-10,0:00:00,2
2021-04-10,2:00:00,1.9
2021-04-10,4:00:00,1.3
2021-04-10,6:00:00,2.2
2021-04-10,8:00:00,1.5
2021-04-10,10:00:00,1.7
2021-04-10,12:00:00,2.1
2021-04-10,14:00:00,2.4
2021-04-10,16:00:00,2.3
2021-04-10,18:00:00,2.6
2021-04-10,20:00:00,1.8
2021-04-10,22:00:00,1.3
2021-04-11,0:00:00,1.9
2021-04-11,2:00:00,2.9
2021-04-11,4:00:00,3
2021-04-11,6:00:00,2.4
2021-04-11,8:00:00,1.8
2021-04-11,10:00:00,1.8
2021-04-11,12:00:00,2.3
2021-04-11,14:00:00,2.4
2021-04-11,16:00:00,2.3
2021-04-11,18:00:00,1.9
2021-04-11,20:00:00,1.4
2021-04-11,22:00:00,1.1
2021-04-12,0:00:00,1
2021-04-12,2:00:00,0.9
2021-04-12,4:00:00,0.9
2021-04-12,6:00:00,1.2
2021-04-12,8:00:00,1.6
2021-04-12,10:00:00,2
2021-04-12,12:00:00,2.3
2021-04-12,14:00:00,2.8
2021-04-12,16:00:00,3.1
2021-04-12,18:00:00,2.8
2021-04-12,20:00:00,2.3
2021-04-12,22:00:00,1.2
2021-04-13,0:00:00,1.2
2021-04-13,2:00:00,2.5
2021-04-13,4:00:00,2.5
2021-04-13,6:00:00,2.2
2021-04-13,8:00:00,1.8
2021-04-13,10:00:00,2.6
2021-04-13,12:00:00,2.6
2021-04-13,14:00:00,2.7
2021-04-13,16:00:00,2.7
2021-04-13,18:00:00,2.8
2021-04-13,20:00:00,2.8
2021-04-13,22:00:00,2.7
2021-04-14,0:00:00,2.6
2021-04-14,2:00:00,2.7
2021-04-14,4:00:00,2.3
2021-04-14,6:00:00,2.2
2021-04-14,8:00:00,2.3
2021-04-14,10:00:00,2.5
2021-04-14,12:00:00,2.8
2021-04-14,14:00:00,3.7
2021-04-14,16:00:00,3.9
2021-04-14,18:00:00,3.9
2021-04-14,20:00:00,3.5
2021-04-14,22:00:00,3.3
2021-04-15,0:00:00,3
2021-04-15,2:00:00,1.8
2021-04-15,4:00:00,2.7
2021-04-15,6:00:00,2.8
2021-04-15,8:00:00,3.2
2021-04-15,10:00:00,2.6
2021-04-15,12:00:00,3.1
2021-04-15,14:00:00,3.2
2021-04-15,16:00:00,4.9
2021-04-15,18:00:00,4.6
2021-04-15,20:00:00,3.9
2021-04-15,22:00:00,2.5
2021-04-16,0:00:00,2.2
2021-04-16,2:00:00,1.7
2021-04-16,4:00:00,1.9
2021-04-16,6:00:00,2.3
2021-04-16,8:00:00,1.6
2021-04-16,10:00:00,2.9
2021-04-16,12:00:00,2.1
2021-04-16,14:00:00,2.1
2021-04-16,16:00:00,2.1
2021-04-16,18:00:00,2
2021-04-16,20:00:00,1.9
2021-04-16,22:00:00,1.8
2021-04-17,0:00:00,1.8
2021-04-17,2:00:00,1.9
2021-04-17,4:00:00,1.8
2021-04-17,6:00:00,1.8
2021-04-17,8:00:00,1.7
2021-04-17,10:00:00,1.7
2021-04-17,12:00:00,1.7
2021-04-17,14:00:00,1.7
2021-04-17,16:00:00,1.7
2021-04-17,18:00:00,1.7
2021-04-17,20:00:00,1.7
2021-04-17,22:00:00,1.7
2021-04-18,0:00:00,1.9
2021-04-18,2:00:00,2.2
2021-04-18,4:00:00,2.4
2021-04-18,6:00:00,2.4
2021-04-18,8:00:00,2.7
2021-04-18,10:00:00,2.8
2021-04-18,12:00:00,2.6
2021-04-18,14:00:00,2.7
2021-04-18,16:00:00,2.8
2021-04-18,18:00:00,3.5
2021-04-18,20:00:00,3.5
2021-04-18,22:00:00,3.5
2021-04-19,0:00:00,3.3
2021-04-19,2:00:00,3.3
2021-04-19,4:00:00,3.3
2021-04-19,6:00:00,3.3
2021-04-19,8:00:00,3.2
2021-04-19,10:00:00,2.9
2021-04-19,12:00:00,3.3
2021-04-19,14:00:00,3.4
2021-04-19,16:00:00,3.1
2021-04-19,18:00:00,4.8
2021-04-19,20:00:00,5.6
2021-04-19,22:00:00,5.1
2021-04-20,0:00:00,3.7
2021-04-20,2:00:00,3.4
2021-04-20,4:00:00,3.4
2021-04-20,6:00:00,3.2
2021-04-20,8:00:00,3.1
2021-04-20,10:00:00,3.1
2021-04-20,12:00:00,2.7
2021-04-20,14:00:00,2.6
2021-04-20,16:00:00,2.9
2021-04-20,18:00:00,4.1
2021-04-20,20:00:00,3.7
2021-04-20,22:00:00,3.3
2021-04-21,0:00:00,2.4
2021-04-21,2:00:00,2.4
2021-04-21,4:00:00,2
2021-04-21,6:00:00,2.4
2021-04-21,8:00:00,3.9
2021-04-21,10:00:00,4.1
2021-04-21,12:00:00,3.9
2021-04-21,14:00:00,4
2021-04-21,16:00:00,4.3
2021-04-21,18:00:00,4.6
2021-04-21,20:00:00,4
2021-04-21,22:00:00,4.4
2021-04-22,0:00:00,3.9
2021-04-22,2:00:00,2.5
2021-04-22,4:00:00,3.2
2021-04-22,6:00:00,3
2021-04-22,8:00:00,2.5
2021-04-22,10:00:00,2.5
2021-04-22,12:00:00,2.9
2021-04-22,14:00:00,2.3
2021-04-22,16:00:00,1.8
2021-04-22,18:00:00,1.6
2021-04-22,20:00:00,1.8
2021-04-22,22:00:00,2
2021-04-23,0:00:00,1.8
2021-04-23,2:00:00,1.8
2021-04-23,4:00:00,1.7
2021-04-23,6:00:00,1.7
2021-04-23,8:00:00,1.8
2021-04-23,10:00:00,2
2021-04-23,12:00:00,2.2
2021-04-23,14:00:00,2
2021-04-23,16:00:00,1.8
2021-04-23,18:00:00,1.7
2021-04-23,20:00:00,1.9
2021-04-23,22:00:00,2
2021-04-24,0:00:00,1.8
2021-04-24,2:00:00,1.7
2021-04-24,4:00:00,1.6
2021-04-24,6:00:00,1.9
2021-04-24,8:00:00,1.9
2021-04-24,10:00:00,1.9
2021-04-24,12:00:00,2.1
2021-04-24,14:00:00,2.2
2021-04-24,16:00:00,2.3
2021-04-24,18:00:00,2.6
2021-04-24,20:00:00,3.3
2021-04-24,22:00:00,2.9
2021-04-25,0:00:00,3.2
2021-04-25,2:00:00,3.2
2021-04-25,4:00:00,2.5
2021-04-25,6:00:00,2.5
2021-04-25,8:00:00,2.6
2021-04-25,10:00:00,3.2
2021-04-25,12:00:00,3.4
2021-04-25,14:00:00,3
2021-04-25,16:00:00,2.5
2021-04-25,18:00:00,2.8
2021-04-25,20:00:00,2.7
2021-04-25,22:00:00,2.9
2021-04-26,0:00:00,3.6
2021-04-26,2:00:00,3.6
2021-04-26,4:00:00,3.9
2021-04-26,6:00:00,3.5
2021-04-26,8:00:00,2.6
2021-04-26,10:00:00,2.6
2021-04-26,12:00:00,3.3
2021-04-26,14:00:00,3.7
2021-04-26,16:00:00,4
2021-04-26,18:00:00,3.9
2021-04-26,20:00:00,3.7
2021-04-26,22:00:00,3.4
2021-04-27,0:00:00,2.7
2021-04-27,2:00:00,2.8
2021-04-27,4:00:00,2.6
2021-04-27,6:00:00,2.3
2021-04-27,8:00:00,2.3
2021-04-27,10:00:00,2.6
2021-04-27,12:00:00,2.6
2021-04-27,14:00:00,2.8
2021-04-27,16:00:00,3
2021-04-27,18:00:00,3.4
2021-04-27,20:00:00,3.7
2021-04-27,22:00:00,3.5
2021-04-28,0:00:00,3.7
2021-04-28,2:00:00,4.1
2021-04-28,4:00:00,3.9
2021-04-28,6:00:00,3.5
2021-04-28,8:00:00,3.6
2021-04-28,10:00:00,3.8
2021-04-28,12:00:00,3.8
2021-04-28,14:00:00,5
2021-04-28,16:00:00,4.3
2021-04-28,18:00:00,5.2
2021-04-28,20:00:00,4.4
2021-04-28,22:00:00,4.4
2021-04-29,0:00:00,3.8
2021-04-29,2:00:00,4.6
2021-04-29,4:00:00,3.9
2021-04-29,6:00:00,4.9
2021-04-29,8:00:00,3.8
2021-04-29,10:00:00,3.3
2021-04-29,12:00:00,3.8
2021-04-29,14:00:00,5.1
2021-04-29,16:00:00,6.5
2021-04-29,18:00:00,3.1
2021-04-29,20:00:00,4.2
2021-04-29,22:00:00,4
2021-04-30,0:00:00,3.8
2021-04-30,2:00:00,3.6
2021-04-30,4:00:00,5
2021-04-30,6:00:00,5.3
2021-04-30,8:00:00,4.9
2021-04-30,10:00:00,3.7
2021-04-30,12:00:00,3.6
2021-04-30,14:00:00,4.1
2021-04-30,16:00:00,4
2021-04-30,18:00:00,3.6
2021-04-30,20:00:00,2.5
2021-04-30,22:00:00,2.8
2021-05-01,0:00:00,3.1
2021-05-01,2:00:00,3.1
2021-05-01,4:00:00,3.2
2021-05-01,6:00:00,3.1
2021-05-01,8:00:00,3.1
2021-05-01,10:00:00,3.4
2021-05-01,12:00:00,4.3
2021-05-01,14:00:00,4.7
2021-05-01,16:00:00,4.6
2021-05-01,18:00:00,4.5
2021-05-01,20:00:00,4.3
2021-05-01,22:00:00,4.1
2021-05-02,0:00:00,4.8
2021-05-02,2:00:00,5
2021-05-02,4:00:00,5
2021-05-02,6:00:00,4.8
2021-05-02,8:00:00,4.6
2021-05-02,10:00:00,4.3
2021-05-02,12:00:00,4.4
2021-05-02,14:00:00,4.6
2021-05-02,16:00:00,4.9
2021-05-02,18:00:00,5
2021-05-02,20:00:00,4.9
2021-05-02,22:00:00,4.4
2021-05-03,0:00:00,4
2021-05-03,2:00:00,3.7
2021-05-03,4:00:00,3.9
2021-05-03,6:00:00,4
2021-05-03,8:00:00,3.7
2021-05-03,10:00:00,3.6
2021-05-03,12:00:00,4.9
2021-05-03,14:00:00,5
2021-05-03,16:00:00,5
2021-05-03,18:00:00,5
2021-05-03,20:00:00,5.2
2021-05-03,22:00:00,5
2021-05-04,0:00:00,4.9
2021-05-04,2:00:00,4.9
2021-05-04,4:00:00,4.9
2021-05-04,6:00:00,4.2
2021-05-04,8:00:00,3.7
2021-05-04,10:00:00,3.6
2021-05-04,12:00:00,4.4
2021-05-04,14:00:00,4.2
2021-05-04,16:00:00,4.3
2021-05-04,18:00:00,5
2021-05-04,20:00:00,5.1
2021-05-04,22:00:00,4.5
2021-05-05,0:00:00,4.9
2021-05-05,2:00:00,5.4
2021-05-05,4:00:00,5
2021-05-05,6:00:00,5.1
2021-05-05,8:00:00,4.3
2021-05-05,10:00:00,5
2021-05-05,12:00:00,5.6
2021-05-05,14:00:00,5.7
2021-05-05,16:00:00,4.4
2021-05-05,18:00:00,5
2021-05-05,20:00:00,4.8
2021-05-05,22:00:00,5.3
2021-05-06,0:00:00,5.2
2021-05-06,2:00:00,4.5
2021-05-06,4:00:00,3.9
2021-05-06,6:00:00,4.6
2021-05-06,8:00:00,4.6
2021-05-06,10:00:00,4.4
2021-05-06,12:00:00,4.2
2021-05-06,14:00:00,4.2
2021-05-06,16:00:00,4.3
2021-05-06,18:00:00,4.4
2021-05-06,20:00:00,4.4
2021-05-06,22:00:00,4.4
2021-05-07,0:00:00,4.4
2021-05-07,2:00:00,5.2
2021-05-07,4:00:00,5.2
2021-05-07,6:00:00,5.1
2021-05-07,8:00:00,5.4
2021-05-07,10:00:00,5.5
2021-05-07,12:00:00,5.5
2021-05-07,14:00:00,5.8
2021-05-07,16:00:00,5.9
2021-05-07,18:00:00,5.8
2021-05-07,20:00:00,6.8
2021-05-07,22:00:00,6.6
2021-05-08,0:00:00,6.3
2021-05-08,2:00:00,6.3
2021-05-08,4:00:00,6.3
2021-05-08,6:00:00,6.4
2021-05-08,8:00:00,6
2021-05-08,10:00:00,5.6
2021-05-08,12:00:00,5.2
2021-05-08,14:00:00,5
2021-05-08,16:00:00,4.7
2021-05-08,18:00:00,4.4
2021-05-08,20:00:00,4.5
2021-05-08,22:00:00,5.2
2021-05-09,0:00:00,5.5
2021-05-09,2:00:00,5.6
2021-05-09,4:00:00,5.6
2021-05-09,6:00:00,5.4
2021-05-09,8:00:00,5.6
2021-05-09,10:00:00,5.9
2021-05-09,12:00:00,5.9
2021-05-09,14:00:00,6.1
2021-05-09,16:00:00,5.9
2021-05-09,18:00:00,5.9
2021-05-09,20:00:00,6.2
2021-05-09,22:00:00,6.1
2021-05-10,0:00:00,6.4
2021-05-10,2:00:00,6.1
2021-05-10,4:00:00,5.5
2021-05-10,6:00:00,5
2021-05-10,8:00:00,4.7
2021-05-10,10:00:00,4.7
2021-05-10,12:00:00,7.5
2021-05-10,14:00:00,5.9
2021-05-10,16:00:00,5.4
2021-05-10,18:00:00,5.4
2021-05-10,20:00:00,5
2021-05-10,22:00:00,5.4
2021-05-11,0:00:00,6.2
2021-05-11,2:00:00,5.5
2021-05-11,4:00:00,6
2021-05-11,6:00:00,5.1
2021-05-11,8:00:00,5.1
2021-05-11,10:00:00,5.3
2021-05-11,12:00:00,6.2
2021-05-11,14:00:00,5.8
2021-05-11,16:00:00,7.2
2021-05-11,18:00:00,5.8
2021-05-11,20:00:00,7
2021-05-11,22:00:00,6.8
2021-05-12,0:00:00,6.8
2021-05-12,2:00:00,6.8
2021-05-12,4:00:00,6.7
2021-05-12,6:00:00,6.6
2021-05-12,8:00:00,6.4
2021-05-12,10:00:00,6.3
2021-05-12,12:00:00,6.3
2021-05-12,14:00:00,6.4
2021-05-12,16:00:00,6.3
2021-05-12,18:00:00,6.4
2021-05-12,20:00:00,6.2
2021-05-12,22:00:00,6.7
2021-05-13,0:00:00,6.8
2021-05-13,2:00:00,6.6
2021-05-13,4:00:00,6.5
2021-05-13,6:00:00,6.8
2021-05-13,8:00:00,6.7
2021-05-13,10:00:00,6.8
2021-05-13,12:00:00,7.2
2021-05-13,14:00:00,8.7
2021-05-13,16:00:00,8.3
2021-05-13,18:00:00,8.3
2021-05-13,20:00:00,8.1
2021-05-13,22:00:00,8.1
2021-05-14,0:00:00,7.2
2021-05-14,2:00:00,7.5
2021-05-14,4:00:00,7.5
2021-05-14,6:00:00,5.6
2021-05-14,8:00:00,7.3
2021-05-14,10:00:00,8.1
2021-05-14,12:00:00,8.5
2021-05-14,14:00:00,8
2021-05-14,16:00:00,7.5
2021-05-14,18:00:00,7.6
2021-05-14,20:00:00,7.7
2021-05-14,22:00:00,8.4
2021-05-15,0:00:00,8.2
2021-05-15,2:00:00,8.2
2021-05-15,4:00:00,8.3
2021-05-15,6:00:00,8
2021-05-15,8:00:00,8.2
2021-05-15,10:00:00,8.1
2021-05-15,12:00:00,8.6
2021-05-15,14:00:00,9.4
2021-05-15,16:00:00,9.2
2021-05-15,18:00:00,9.2
2021-05-15,20:00:00,9
2021-05-15,22:00:00,8.8
2021-05-16,0:00:00,8.8
2021-05-16,2:00:00,8.7
2021-05-16,4:00:00,8.4
2021-05-16,6:00:00,7.8
2021-05-16,8:00:00,7.6
2021-05-16,10:00:00,6.9
2021-05-16,12:00:00,6.7
2021-05-16,14:00:00,8.6
2021-05-16,16:00:00,8.2
2021-05-16,18:00:00,7.9
2021-05-16,20:00:00,6.6
2021-05-16,22:00:00,5.7
2021-05-17,0:00:00,6.6
2021-05-17,2:00:00,7.4
2021-05-17,4:00:00,7.5
2021-05-17,6:00:00,7.1
2021-05-17,8:00:00,6.7
2021-05-17,10:00:00,7
2021-05-17,12:00:00,7.4
2021-05-17,14:00:00,7.5
2021-05-17,16:00:00,7.9
2021-05-17,18:00:00,7.8
2021-05-17,20:00:00,7.8
2021-05-17,22:00:00,8.8
2021-05-18,0:00:00,9.1
2021-05-18,2:00:00,9.2
2021-05-18,4:00:00,9
2021-05-18,6:00:00,8.7
2021-05-18,8:00:00,9
2021-05-18,10:00:00,9.2
2021-05-18,12:00:00,9.4
2021-05-18,14:00:00,9
2021-05-18,16:00:00,9.1
2021-05-18,18:00:00,9.7
2021-05-18,20:00:00,9.5
2021-05-18,22:00:00,10.2
2021-05-19,0:00:00,9.6
2021-05-19,2:00:00,9.9
2021-05-19,4:00:00,10.4
2021-05-19,6:00:00,9.8
2021-05-19,8:00:00,9.1
2021-05-19,10:00:00,8.3
2021-05-19,12:00:00,8.3
2021-05-19,14:00:00,8.3
2021-05-19,16:00:00,9
2021-05-19,18:00:00,10.1
2021-05-19,20:00:00,9.9
2021-05-19,22:00:00,10.1
2021-05-20,0:00:00,10
2021-05-20,2:00:00,9.4
2021-05-20,4:00:00,9.4
2021-05-20,6:00:00,9.2
2021-05-20,8:00:00,9.1
2021-05-20,10:00:00,9.2
2021-05-20,12:00:00,9.7
2021-05-20,14:00:00,10
2021-05-20,16:00:00,10
2021-05-20,18:00:00,10
2021-05-20,20:00:00,8.3
2021-05-20,22:00:00,9.3
2021-05-21,0:00:00,10.1
2021-05-21,2:00:00,10.8
2021-05-21,4:00:00,10.6
2021-05-21,6:00:00,10.1
2021-05-21,8:00:00,10.3
2021-05-21,10:00:00,10.3
2021-05-21,12:00:00,10.5
2021-05-21,14:00:00,10.8
2021-05-21,16:00:00,11.6
2021-05-21,18:00:00,12.1
2021-05-21,20:00:00,12.1
2021-05-21,22:00:00,11.6
2021-05-22,0:00:00,12.3
2021-05-22,2:00:00,11.6
2021-05-22,4:00:00,11.5
2021-05-22,6:00:00,11.5
2021-05-22,8:00:00,11.4
2021-05-22,10:00:00,11.4
2021-05-22,12:00:00,11.2
2021-05-22,14:00:00,11.1
2021-05-22,16:00:00,11.3
2021-05-22,18:00:00,11.4
2021-05-22,20:00:00,11.5
2021-05-22,22:00:00,11.5
2021-05-23,0:00:00,11.3
2021-05-23,2:00:00,11
2021-05-23,4:00:00,10.5
2021-05-23,6:00:00,10.3
2021-05-23,8:00:00,10.4
2021-05-23,10:00:00,10.5
2021-05-23,12:00:00,10.6
2021-05-23,14:00:00,10.6
2021-05-23,16:00:00,8.6
2021-05-23,18:00:00,7.5
2021-05-23,20:00:00,7.6
2021-05-23,22:00:00,8.8
2021-05-24,0:00:00,9.9
2021-05-24,2:00:00,9.1
2021-05-24,4:00:00,8.4
2021-05-24,6:00:00,10.3
2021-05-24,8:00:00,10.1
2021-05-24,10:00:00,9.7
2021-05-24,12:00:00,10
2021-05-24,14:00:00,10
2021-05-24,16:00:00,9.9
2021-05-24,18:00:00,9.8
2021-05-24,20:00:00,9.9
2021-05-24,22:00:00,9.4
2021-05-25,0:00:00,8
2021-05-25,2:00:00,9.1
2021-05-25,4:00:00,9
2021-05-25,6:00:00,8.8
2021-05-25,8:00:00,8.7
2021-05-25,10:00:00,8.8
2021-05-25,12:00:00,8.9
2021-05-25,14:00:00,8.9
2021-05-25,16:00:00,9
2021-05-25,18:00:00,9
2021-05-25,20:00:00,8.8
2021-05-25,22:00:00,9.2
2021-05-26,0:00:00,9.2
2021-05-26,2:00:00,9.2
2021-05-26,4:00:00,9
2021-05-26,6:00:00,9
2021-05-26,8:00:00,9.2
2021-05-26,10:00:00,9.5
2021-05-26,12:00:00,10.6
2021-05-26,14:00:00,11.4
2021-05-26,16:00:00,10.5
2021-05-26,18:00:00,10.1
2021-05-26,20:00:00,10
2021-05-26,22:00:00,10.6
2021-05-27,0:00:00,10.5
2021-05-27,2:00:00,10.5
2021-05-27,4:00:00,10.3
2021-05-27,6:00:00,10.1
2021-05-27,8:00:00,9.8
2021-05-27,10:00:00,9.9
2021-05-27,12:00:00,10.1
2021-05-27,14:00:00,10.6
2021-05-27,16:00:00,10.4
2021-05-27,18:00:00,10.6
2021-05-27,20:00:00,10.3
2021-05-27,22:00:00,9.9
2021-05-28,0:00:00,9.7
2021-05-28,2:00:00,9.7
2021-05-28,4:00:00,9.5
2021-05-28,6:00:00,9.2
2021-05-28,8:00:00,9
2021-05-28,10:00:00,9
2021-05-28,12:00:00,9.2
2021-05-28,14:00:00,9.4
2021-05-28,16:00:00,9.9
2021-05-28,18:00:00,9.5
2021-05-28,20:00:00,9.1
2021-05-28,22:00:00,9.1
2021-05-29,0:00:00,9.3
2021-05-29,2:00:00,9.3
2021-05-29,4:00:00,9.1
2021-05-29,6:00:00,8.7
2021-05-29,8:00:00,7.9
2021-05-29,10:00:00,7.9
2021-05-29,12:00:00,9.2
2021-05-29,14:00:00,10.7
2021-05-29,16:00:00,10.9
2021-05-29,18:00:00,10.8
2021-05-29,20:00:00,10.9
2021-05-29,22:00:00,10.9
2021-05-30,0:00:00,10.8
2021-05-30,2:00:00,10.1
2021-05-30,4:00:00,10.3
2021-05-30,6:00:00,10.2
2021-05-30,8:00:00,10.1
2021-05-30,10:00:00,10.1
2021-05-30,12:00:00,9.9
2021-05-30,14:00:00,10.9
2021-05-30,16:00:00,10.6
2021-05-30,18:00:00,9.6
2021-05-30,20:00:00,9.8
2021-05-30,22:00:00,9.2
2021-05-31,0:00:00,9.2
2021-05-31,2:00:00,9.2
2021-05-31,4:00:00,9.4
2021-05-31,6:00:00,9.2
2021-05-31,8:00:00,8.8
2021-05-31,10:00:00,9.1
2021-05-31,12:00:00,9.2
2021-05-31,14:00:00,9.2
2021-05-31,16:00:00,9.9
2021-05-31,18:00:00,9.9
2021-05-31,20:00:00,10.2
2021-05-31,22:00:00,9.7
2021-06-01,0:00:00,9.4
2021-06-01,2:00:00,9.3
2021-06-01,4:00:00,9.2
2021-06-01,6:00:00,9.2
2021-06-01,8:00:00,9.2
2021-06-01,10:00:00,9.3
2021-06-01,12:00:00,9.7
2021-06-01,14:00:00,10.1
2021-06-01,16:00:00,10.2
2021-06-01,18:00:00,10.5
2021-06-01,20:00:00,10.5
2021-06-01,22:00:00,10
2021-06-02,0:00:00,10
2021-06-02,2:00:00,10
2021-06-02,4:00:00,9.9
2021-06-02,6:00:00,9.9
2021-06-02,8:00:00,9.9
2021-06-02,10:00:00,10
2021-06-02,12:00:00,10.3
2021-06-02,14:00:00,10.7
2021-06-02,16:00:00,10.4
2021-06-02,18:00:00,11.2
2021-06-02,20:00:00,11.2
2021-06-02,22:00:00,11.8
2021-06-03,0:00:00,11.5
2021-06-03,2:00:00,10.7
2021-06-03,4:00:00,10.6
2021-06-03,6:00:00,10.5
2021-06-03,8:00:00,10.7
2021-06-03,10:00:00,11.6
2021-06-03,12:00:00,12.1
2021-06-03,14:00:00,11.8
2021-06-03,16:00:00,11
2021-06-03,18:00:00,11.3
2021-06-03,20:00:00,12.1
2021-06-03,22:00:00,11.8
2021-06-04,0:00:00,12.6
2021-06-04,2:00:00,12.2
2021-06-04,4:00:00,11.8
2021-06-04,6:00:00,11.8
2021-06-04,8:00:00,11.7
2021-06-04,10:00:00,11.9
2021-06-04,12:00:00,12.2
2021-06-04,14:00:00,11.9
2021-06-04,16:00:00,13
2021-06-04,18:00:00,11.9
2021-06-04,20:00:00,11.9
2021-06-04,22:00:00,12.2
2021-06-05,0:00:00,12.6
2021-06-05,2:00:00,12.3
2021-06-05,4:00:00,12
2021-06-05,6:00:00,12.1
2021-06-05,8:00:00,12.1
2021-06-05,10:00:00,12.2
2021-06-05,12:00:00,12.9
2021-06-05,14:00:00,12.8
2021-06-05,16:00:00,13
2021-06-05,18:00:00,13.1
2021-06-05,20:00:00,13.3
2021-06-05,22:00:00,13
2021-06-06,0:00:00,12.9
2021-06-06,2:00:00,12.6
2021-06-06,4:00:00,12.1
2021-06-06,6:00:00,11.9
2021-06-06,8:00:00,12
2021-06-06,10:00:00,12.7
2021-06-06,12:00:00,13.4
2021-06-06,14:00:00,14.5
2021-06-06,16:00:00,14.8
2021-06-06,18:00:00,14.5
2021-06-06,20:00:00,14.8
2021-06-06,22:00:00,14.6
2021-06-07,0:00:00,13.5
2021-06-07,2:00:00,11.9
2021-06-07,4:00:00,11.8
2021-06-07,6:00:00,12.2
2021-06-07,8:00:00,13
2021-06-07,10:00:00,13.3
2021-06-07,12:00:00,12.2
2021-06-07,14:00:00,11.1
2021-06-07,16:00:00,13.2
2021-06-07,18:00:00,14.4
2021-06-07,20:00:00,15.1
2021-06-07,22:00:00,15.4
2021-06-08,0:00:00,15.5
2021-06-08,2:00:00,15.2
2021-06-08,4:00:00,14.9
2021-06-08,6:00:00,15
2021-06-08,8:00:00,15.2
2021-06-08,10:00:00,15.2
2021-06-08,12:00:00,15.4
2021-06-08,14:00:00,15.8
2021-06-08,16:00:00,15.7
2021-06-08,18:00:00,16
2021-06-08,20:00:00,15.8
2021-06-08,22:00:00,15.4
2021-06-09,0:00:00,15.7
2021-06-09,2:00:00,15.3
2021-06-09,4:00:00,14.9
2021-06-09,6:00:00,15.6
2021-06-09,8:00:00,15.7
2021-06-09,10:00:00,15.6
2021-06-09,12:00:00,15.8
2021-06-09,14:00:00,15.8
2021-06-09,16:00:00,15.1
2021-06-09,18:00:00,15.2
2021-06-09,20:00:00,15.3
2021-06-09,22:00:00,15
2021-06-10,0:00:00,14.7
2021-06-10,2:00:00,14.3
2021-06-10,4:00:00,14.2
2021-06-10,6:00:00,12.2
2021-06-10,8:00:00,11.2
2021-06-10,10:00:00,11
2021-06-10,12:00:00,10.6
2021-06-10,14:00:00,10.4
2021-06-10,16:00:00,10.3
2021-06-10,18:00:00,10.7
2021-06-10,20:00:00,11.3
2021-06-10,22:00:00,11.8
2021-06-11,0:00:00,12
2021-06-11,2:00:00,11.9
2021-06-11,4:00:00,11.8
2021-06-11,6:00:00,12.1
2021-06-11,8:00:00,11.9
2021-06-11,10:00:00,12
2021-06-11,12:00:00,12.2
2021-06-11,14:00:00,12.7
2021-06-11,16:00:00,12.7
2021-06-11,18:00:00,12.3
2021-06-11,20:00:00,12.1
2021-06-11,22:00:00,12.3
2021-06-12,0:00:00,12.5
2021-06-12,2:00:00,12.5
2021-06-12,4:00:00,12.6
2021-06-12,6:00:00,11.9
2021-06-12,8:00:00,11.2
2021-06-12,10:00:00,11.1
2021-06-12,12:00:00,11.8
2021-06-12,14:00:00,13.9
2021-06-12,16:00:00,12.4
2021-06-12,18:00:00,13.3
2021-06-12,20:00:00,13.2
2021-06-12,22:00:00,13.3
2021-06-13,0:00:00,12.9
2021-06-13,2:00:00,12.2
2021-06-13,4:00:00,11.8
2021-06-13,6:00:00,12.4
2021-06-13,8:00:00,12.4
2021-06-13,10:00:00,12.5
2021-06-13,12:00:00,12.7
2021-06-13,14:00:00,13.1
2021-06-13,16:00:00,13
2021-06-13,18:00:00,12.7
2021-06-13,20:00:00,12.6
2021-06-13,22:00:00,13
2021-06-14,0:00:00,13.2
2021-06-14,2:00:00,12.9
2021-06-14,4:00:00,12.4
2021-06-14,6:00:00,11.5
2021-06-14,8:00:00,11.8
2021-06-14,10:00:00,11.7
2021-06-14,12:00:00,12
2021-06-14,14:00:00,12.2
2021-06-14,16:00:00,12
2021-06-14,18:00:00,12.3
2021-06-14,20:00:00,12.6
2021-06-14,22:00:00,12.8
2021-06-15,0:00:00,13.2
2021-06-15,2:00:00,12.8
2021-06-15,4:00:00,12
2021-06-15,6:00:00,11.8
2021-06-15,8:00:00,11.7
2021-06-15,10:00:00,11.7
2021-06-15,12:00:00,11.9
2021-06-15,14:00:00,12.2
2021-06-15,16:00:00,12.1
2021-06-15,18:00:00,11.9
2021-06-15,20:00:00,12.1
2021-06-15,22:00:00,12.1
2021-06-16,0:00:00,12.2
2021-06-16,2:00:00,12.1
2021-06-16,4:00:00,11.9
2021-06-16,6:00:00,11.1
2021-06-16,8:00:00,11
2021-06-16,10:00:00,12.1
2021-06-16,12:00:00,12.4
2021-06-16,14:00:00,12.5
2021-06-16,16:00:00,12.7
2021-06-16,18:00:00,12.7
2021-06-16,20:00:00,12.4
2021-06-16,22:00:00,13.3
2021-06-17,0:00:00,12.5
2021-06-17,2:00:00,12.6
2021-06-17,4:00:00,12.7
2021-06-17,6:00:00,13
2021-06-17,8:00:00,12.5
2021-06-17,10:00:00,12.6
2021-06-17,12:00:00,13
2021-06-17,14:00:00,12.8
2021-06-17,16:00:00,12.9
2021-06-17,18:00:00,13.2
2021-06-17,20:00:00,13.1
2021-06-17,22:00:00,13
2021-06-18,0:00:00,12.9
2021-06-18,2:00:00,12.9
2021-06-18,4:00:00,12.9
2021-06-18,6:00:00,12.8
2021-06-18,8:00:00,13.1
2021-06-18,10:00:00,13.1
2021-06-18,12:00:00,13.6
2021-06-18,14:00:00,14.1
2021-06-18,16:00:00,14.1
2021-06-18,18:00:00,14
2021-06-18,20:00:00,15.3
2021-06-18,22:00:00,14.2
2021-06-19,0:00:00,13.7
2021-06-19,2:00:00,14.1
2021-06-19,4:00:00,14.2
2021-06-19,6:00:00,14.1
2021-06-19,8:00:00,14.1
2021-06-19,10:00:00,14.2
2021-06-19,12:00:00,14.4
2021-06-19,14:00:00,14.4
2021-06-19,16:00:00,14.4
2021-06-19,18:00:00,14.4
2021-06-19,20:00:00,14.7
2021-06-19,22:00:00,14.5
2021-06-20,0:00:00,14.6
2021-06-20,2:00:00,14.5
2021-06-20,4:00:00,14.3
2021-06-20,6:00:00,14.2
2021-06-20,8:00:00,14.5
2021-06-20,10:00:00,14.6
2021-06-20,12:00:00,15
2021-06-20,14:00:00,15.4
2021-06-20,16:00:00,15.4
2021-06-20,18:00:00,15.4
2021-06-20,20:00:00,15.5
2021-06-20,22:00:00,15.8
2021-06-21,0:00:00,15.6
2021-06-21,2:00:00,15.6
2021-06-21,4:00:00,15
2021-06-21,6:00:00,14.9
2021-06-21,8:00:00,15
2021-06-21,10:00:00,15.1
2021-06-21,12:00:00,15.6
2021-06-21,14:00:00,16
2021-06-21,16:00:00,16
2021-06-21,18:00:00,16.1
2021-06-21,20:00:00,16.2
2021-06-21,22:00:00,16
2021-06-22,0:00:00,14.4
2021-06-22,2:00:00,16
2021-06-22,4:00:00,15.7
2021-06-22,6:00:00,15.7
2021-06-22,8:00:00,15.7
2021-06-22,10:00:00,15.7
2021-06-22,12:00:00,15.5
2021-06-22,14:00:00,16.1
2021-06-22,16:00:00,16
2021-06-22,18:00:00,16.2
2021-06-22,20:00:00,16.3
2021-06-22,22:00:00,16.6
2021-06-23,0:00:00,16.3
2021-06-23,2:00:00,15.3
2021-06-23,4:00:00,15.4
2021-06-23,6:00:00,15.1
2021-06-23,8:00:00,14.8
2021-06-23,10:00:00,14.8
2021-06-23,12:00:00,15.2
2021-06-23,14:00:00,15.7
2021-06-23,16:00:00,16.2
2021-06-23,18:00:00,16.6
2021-06-23,20:00:00,16.7
2021-06-23,22:00:00,16.3
2021-06-24,0:00:00,15.9
2021-06-24,2:00:00,15.8
2021-06-24,4:00:00,15.9
2021-06-24,6:00:00,15.7
2021-06-24,8:00:00,15.7
2021-06-24,10:00:00,15.6
2021-06-24,12:00:00,15.5
2021-06-24,14:00:00,15.9
2021-06-24,16:00:00,16.5
2021-06-24,18:00:00,16.3
2021-06-24,20:00:00,15.9
2021-06-24,22:00:00,15.5
2021-06-25,0:00:00,15.2
2021-06-25,2:00:00,15.3
2021-06-25,4:00:00,15.2
2021-06-25,6:00:00,15.1
2021-06-25,8:00:00,15.3
2021-06-25,10:00:00,15.4
2021-06-25,12:00:00,15.2
2021-06-25,14:00:00,15.3
2021-06-25,16:00:00,15.6
2021-06-25,18:00:00,15.5
2021-06-25,20:00:00,15.2
2021-06-25,22:00:00,15.1
2021-06-26,0:00:00,15.1
2021-06-26,2:00:00,15.1
2021-06-26,4:00:00,15.3
2021-06-26,6:00:00,15.3
2021-06-26,8:00:00,15.5
2021-06-26,10:00:00,15.4
2021-06-26,12:00:00,15.4
2021-06-26,14:00:00,14.9
2021-06-26,16:00:00,15.6
2021-06-26,18:00:00,16
2021-06-26,20:00:00,16.2
2021-06-26,22:00:00,16
2021-06-27,0:00:00,15.7
2021-06-27,2:00:00,14.5
2021-06-27,4:00:00,15.3
2021-06-27,6:00:00,14.3
2021-06-27,8:00:00,14.9
2021-06-27,10:00:00,14.2
2021-06-27,12:00:00,14.1
2021-06-27,14:00:00,14.1
2021-06-27,16:00:00,14.4
2021-06-27,18:00:00,14.4
2021-06-27,20:00:00,14.5
2021-06-27,22:00:00,14.1
2021-06-28,0:00:00,15
2021-06-28,2:00:00,14.8
2021-06-28,4:00:00,14.6
2021-06-28,6:00:00,14.7
2021-06-28,8:00:00,15.8
2021-06-28,10:00:00,16.6
2021-06-28,12:00:00,16.6
2021-06-28,14:00:00,15.8
2021-06-28,16:00:00,14.1
2021-06-28,18:00:00,14.2
2021-06-28,20:00:00,12.7
2021-06-28,22:00:00,14.7
2021-06-29,0:00:00,15.4
2021-06-29,2:00:00,14.5
2021-06-29,4:00:00,14.3
2021-06-29,6:00:00,14.7
2021-06-29,8:00:00,14.5
2021-06-29,10:00:00,13.3
2021-06-29,12:00:00,13.6
2021-06-29,14:00:00,13.7
2021-06-29,16:00:00,15.8
2021-06-29,18:00:00,15.8
2021-06-29,20:00:00,15.1
2021-06-29,22:00:00,14.8
2021-06-30,0:00:00,16.2
2021-06-30,2:00:00,16.4
2021-06-30,4:00:00,16.4
2021-06-30,6:00:00,16.9
2021-06-30,8:00:00,17.3
2021-06-30,10:00:00,17.6
2021-06-30,12:00:00,17.5
2021-06-30,14:00:00,17.4
2021-06-30,16:00:00,17.1
2021-06-30,18:00:00,17.5
2021-06-30,20:00:00,16.6
2021-06-30,22:00:00,16.5
2021-07-01,0:00:00,16.2
2021-07-01,2:00:00,15.9
2021-07-01,4:00:00,16.1
2021-07-01,6:00:00,16.5
2021-07-01,8:00:00,16.1
2021-07-01,10:00:00,15.6
2021-07-01,12:00:00,16.1
2021-07-01,14:00:00,15.3
2021-07-01,16:00:00,13.7
2021-07-01,18:00:00,12.8
2021-07-01,20:00:00,13.3
2021-07-01,22:00:00,12.7
2021-07-02,0:00:00,12.9
2021-07-02,2:00:00,13.5
2021-07-02,4:00:00,13.8
2021-07-02,6:00:00,14.4
2021-07-02,8:00:00,14.4
2021-07-02,10:00:00,14.2
2021-07-02,12:00:00,13.9
2021-07-02,14:00:00,13.8
2021-07-02,16:00:00,14.2
2021-07-02,18:00:00,14.4
2021-07-02,20:00:00,14.3
2021-07-02,22:00:00,14.4
2021-07-03,0:00:00,14.4
2021-07-03,2:00:00,14.4
2021-07-03,4:00:00,14.4
2021-07-03,6:00:00,14.4
2021-07-03,8:00:00,14.2
2021-07-03,10:00:00,14.3
2021-07-03,12:00:00,14.4
2021-07-03,14:00:00,14.3
2021-07-03,16:00:00,14.2
2021-07-03,18:00:00,14.1
2021-07-03,20:00:00,14.1
2021-07-03,22:00:00,13.7
2021-07-04,0:00:00,13.4
2021-07-04,2:00:00,13.4
2021-07-04,4:00:00,13.3
2021-07-04,6:00:00,13.3
2021-07-04,8:00:00,13.3
2021-07-04,10:00:00,13.2
2021-07-04,12:00:00,13.2
2021-07-04,14:00:00,13.3
2021-07-04,16:00:00,13.7
2021-07-04,18:00:00,13.9
2021-07-04,20:00:00,13.8
2021-07-04,22:00:00,13.8
2021-07-05,0:00:00,13.8
2021-07-05,2:00:00,14
2021-07-05,4:00:00,14
2021-07-05,6:00:00,14
2021-07-05,8:00:00,13.9
2021-07-05,10:00:00,14.1
2021-07-05,12:00:00,14.3
2021-07-05,14:00:00,14.3
2021-07-05,16:00:00,14.8
2021-07-05,18:00:00,15
2021-07-05,20:00:00,14.9
2021-07-05,22:00:00,14.8
2021-07-06,0:00:00,14.3
2021-07-06,2:00:00,14.1
2021-07-06,4:00:00,14.5
2021-07-06,6:00:00,14.5
2021-07-06,8:00:00,14.6
2021-07-06,10:00:00,14.6
2021-07-06,12:00:00,15
2021-07-06,14:00:00,15
2021-07-06,16:00:00,15.4
2021-07-06,18:00:00,15.2
2021-07-06,20:00:00,15.1
2021-07-06,22:00:00,15.2
2021-07-07,0:00:00,15.2
2021-07-07,2:00:00,15.4
2021-07-07,4:00:00,15.3
2021-07-07,6:00:00,15.1
2021-07-07,8:00:00,15.1
2021-07-07,10:00:00,15.3
2021-07-07,12:00:00,15.4
2021-07-07,14:00:00,15.9
2021-07-07,16:00:00,15.9
2021-07-07,18:00:00,15.8
2021-07-07,20:00:00,15.6
2021-07-07,22:00:00,15.5
2021-07-08,0:00:00,15.5
2021-07-08,2:00:00,15.6
2021-07-08,4:00:00,15.6
2021-07-08,6:00:00,15.5
2021-07-08,8:00:00,15.5
2021-07-08,10:00:00,15.7
2021-07-08,12:00:00,16.2
2021-07-08,14:00:00,16.4
2021-07-08,16:00:00,16.6
2021-07-08,18:00:00,16.5
2021-07-08,20:00:00,16.1
2021-07-08,22:00:00,15.7
2021-07-09,0:00:00,15.5
2021-07-09,2:00:00,15.5
2021-07-09,4:00:00,15.6
2021-07-09,6:00:00,15.6
2021-07-09,8:00:00,15.5
2021-07-09,10:00:00,14.7
2021-07-09,12:00:00,15.3
2021-07-09,14:00:00,16.2
2021-07-09,16:00:00,15.3
2021-07-09,18:00:00,15.1
2021-07-09,20:00:00,15.2
2021-07-09,22:00:00,15.2
2021-07-10,0:00:00,15.2
2021-07-10,2:00:00,15.1
2021-07-10,4:00:00,14.3
2021-07-10,6:00:00,14
2021-07-10,8:00:00,14.4
2021-07-10,10:00:00,14.2
2021-07-10,12:00:00,14.7
2021-07-10,14:00:00,15.2
2021-07-10,16:00:00,15.4
2021-07-10,18:00:00,16.2
2021-07-10,20:00:00,15.6
2021-07-10,22:00:00,15.8
2021-07-11,0:00:00,15.8
2021-07-11,2:00:00,16
2021-07-11,4:00:00,16.3
2021-07-11,6:00:00,16.3
2021-07-11,8:00:00,16.3
2021-07-11,10:00:00,16.2
2021-07-11,12:00:00,16.6
2021-07-11,14:00:00,17.7
2021-07-11,16:00:00,17.2
2021-07-11,18:00:00,17.6
2021-07-11,20:00:00,17.4
2021-07-11,22:00:00,17.8
2021-07-12,0:00:00,18
2021-07-12,2:00:00,17.2
2021-07-12,4:00:00,16.6
2021-07-12,6:00:00,16.5
2021-07-12,8:00:00,16.3
2021-07-12,10:00:00,16.4
2021-07-12,12:00:00,17.2
2021-07-12,14:00:00,17.7
2021-07-12,16:00:00,18.2
2021-07-12,18:00:00,19.4
2021-07-12,20:00:00,18.6
2021-07-12,22:00:00,18.4
2021-07-13,0:00:00,18.1
2021-07-13,2:00:00,17.8
2021-07-13,4:00:00,17
2021-07-13,6:00:00,17.1
2021-07-13,8:00:00,16.7
2021-07-13,10:00:00,17.3
2021-07-13,12:00:00,17.6
2021-07-13,14:00:00,17.7
2021-07-13,16:00:00,19.5
2021-07-13,18:00:00,19.7
2021-07-13,20:00:00,19.6
2021-07-13,22:00:00,18.8
2021-07-14,0:00:00,18.2
2021-07-14,2:00:00,18.1
2021-07-14,4:00:00,17.9
2021-07-14,6:00:00,17.7
2021-07-14,8:00:00,17.7
2021-07-14,10:00:00,17.7
2021-07-14,12:00:00,17.8
2021-07-14,14:00:00,17.9
2021-07-14,16:00:00,18.3
2021-07-14,18:00:00,17.3
2021-07-14,20:00:00,18.3
2021-07-14,22:00:00,18.1
2021-07-15,0:00:00,17.9
2021-07-15,2:00:00,17.7
2021-07-15,4:00:00,17.6
2021-07-15,6:00:00,18
2021-07-15,8:00:00,18
2021-07-15,10:00:00,17.8
2021-07-15,12:00:00,17.9
2021-07-15,14:00:00,18.4
2021-07-15,16:00:00,19.4
2021-07-15,18:00:00,18.6
2021-07-15,20:00:00,19
2021-07-15,22:00:00,20.4
2021-07-16,0:00:00,19.9
2021-07-16,2:00:00,19.6
2021-07-16,4:00:00,19.2
2021-07-16,6:00:00,18.8
2021-07-16,8:00:00,18.8
2021-07-16,10:00:00,18.8
2021-07-16,12:00:00,18.9
2021-07-16,14:00:00,19.3
2021-07-16,16:00:00,19.3
2021-07-16,18:00:00,19.4
2021-07-16,20:00:00,19.3
2021-07-16,22:00:00,19.2
2021-07-17,0:00:00,19.1
2021-07-17,2:00:00,19.1
2021-07-17,4:00:00,18.9
2021-07-17,6:00:00,18.7
2021-07-17,8:00:00,18.8
2021-07-17,10:00:00,18.9
2021-07-17,12:00:00,19
2021-07-17,14:00:00,19.1
2021-07-17,16:00:00,19.3
2021-07-17,18:00:00,20.3
2021-07-17,20:00:00,19.5
2021-07-17,22:00:00,20.2
2021-07-18,0:00:00,20
2021-07-18,2:00:00,19.1
2021-07-18,4:00:00,19.8
2021-07-18,6:00:00,19.8
2021-07-18,8:00:00,19.7
2021-07-18,10:00:00,19.2
2021-07-18,12:00:00,19.9
2021-07-18,14:00:00,19.9
2021-07-18,16:00:00,19.1
2021-07-18,18:00:00,20
2021-07-18,20:00:00,19.2
2021-07-18,22:00:00,20.2
2021-07-19,0:00:00,20.4
2021-07-19,2:00:00,20.5
2021-07-19,4:00:00,20.3
2021-07-19,6:00:00,20.1
2021-07-19,8:00:00,20
2021-07-19,10:00:00,20.3
2021-07-19,12:00:00,20.3
2021-07-19,14:00:00,20.5
2021-07-19,16:00:00,20.1
2021-07-19,18:00:00,20.3
2021-07-19,20:00:00,20.5
2021-07-19,22:00:00,20.4
2021-07-20,0:00:00,20.4
2021-07-20,2:00:00,20.2
2021-07-20,4:00:00,20.1
2021-07-20,6:00:00,20.1
2021-07-20,8:00:00,20.1
2021-07-20,10:00:00,20.3
2021-07-20,12:00:00,20.3
2021-07-20,14:00:00,20.2
2021-07-20,16:00:00,20.3
2021-07-20,18:00:00,20
2021-07-20,20:00:00,19.8
2021-07-20,22:00:00,19.8
2021-07-21,0:00:00,19.8
2021-07-21,2:00:00,19.1
2021-07-21,4:00:00,19.5
2021-07-21,6:00:00,19.3
2021-07-21,8:00:00,19.1
2021-07-21,10:00:00,19.1
2021-07-21,12:00:00,19.1
2021-07-21,14:00:00,16.1
2021-07-21,16:00:00,17.6
2021-07-21,18:00:00,18.6
2021-07-21,20:00:00,18.7
2021-07-21,22:00:00,18.5
2021-07-22,0:00:00,18.2
2021-07-22,2:00:00,18.1
2021-07-22,4:00:00,18.2
2021-07-22,6:00:00,17.9
2021-07-22,8:00:00,17.8
2021-07-22,10:00:00,17.7
2021-07-22,12:00:00,17.3
2021-07-22,14:00:00,17.6
2021-07-22,16:00:00,17.8
2021-07-22,18:00:00,17.4
2021-07-22,20:00:00,17.5
2021-07-22,22:00:00,17.5
2021-07-23,0:00:00,17.6
2021-07-23,2:00:00,17.6
2021-07-23,4:00:00,17.5
2021-07-23,6:00:00,17.4
2021-07-23,8:00:00,17.3
2021-07-23,10:00:00,17.5
2021-07-23,12:00:00,17.9
2021-07-23,14:00:00,18.3
2021-07-23,16:00:00,18.5
2021-07-23,18:00:00,18.4
2021-07-23,20:00:00,18.6
2021-07-23,22:00:00,18.2
2021-07-24,0:00:00,18.2
2021-07-24,2:00:00,18.1
2021-07-24,4:00:00,18.1
2021-07-24,6:00:00,18.1
2021-07-24,8:00:00,18.1
2021-07-24,10:00:00,18.1
2021-07-24,12:00:00,18.3
2021-07-24,14:00:00,18.5
2021-07-24,16:00:00,18.6
2021-07-24,18:00:00,19.2
2021-07-24,20:00:00,19.3
2021-07-24,22:00:00,18.9
2021-07-25,0:00:00,18.7
2021-07-25,2:00:00,18.5
2021-07-25,4:00:00,18.1
2021-07-25,6:00:00,18.3
2021-07-25,8:00:00,18.7
2021-07-25,10:00:00,18.9
2021-07-25,12:00:00,19.2
2021-07-25,14:00:00,19.2
2021-07-25,16:00:00,18.9
2021-07-25,18:00:00,19.3
2021-07-25,20:00:00,18.8
2021-07-25,22:00:00,19
2021-07-26,0:00:00,19.1
2021-07-26,2:00:00,18.9
2021-07-26,4:00:00,18.2
2021-07-26,6:00:00,18.5
2021-07-26,8:00:00,18.6
2021-07-26,10:00:00,18.7
2021-07-26,12:00:00,18.8
2021-07-26,14:00:00,19
2021-07-26,16:00:00,18.6
2021-07-26,18:00:00,18.6
2021-07-26,20:00:00,19.4
2021-07-26,22:00:00,19.2
2021-07-27,0:00:00,19.1
2021-07-27,2:00:00,18.8
2021-07-27,4:00:00,18.8
2021-07-27,6:00:00,18.8
2021-07-27,8:00:00,18.8
2021-07-27,10:00:00,18.8
2021-07-27,12:00:00,19
2021-07-27,14:00:00,19.2
2021-07-27,16:00:00,19
2021-07-27,18:00:00,19.9
2021-07-27,20:00:00,19.5
2021-07-27,22:00:00,20.6
2021-07-28,0:00:00,19.2
2021-07-28,2:00:00,18.8
2021-07-28,4:00:00,18.6
2021-07-28,6:00:00,18.7
2021-07-28,8:00:00,18.6
2021-07-28,10:00:00,18.5
2021-07-28,12:00:00,18.9
2021-07-28,14:00:00,18.9
2021-07-28,16:00:00,18.5
2021-07-28,18:00:00,19.1
2021-07-28,20:00:00,19.4
2021-07-28,22:00:00,19
2021-07-29,0:00:00,18.6
2021-07-29,2:00:00,18.2
2021-07-29,4:00:00,18.2
2021-07-29,6:00:00,18.2
2021-07-29,8:00:00,18.1
2021-07-29,10:00:00,18.4
2021-07-29,12:00:00,18.4
2021-07-29,14:00:00,18.9
2021-07-29,16:00:00,19.1
2021-07-29,18:00:00,19.2
2021-07-29,20:00:00,18.9
2021-07-29,22:00:00,18.9
2021-07-30,0:00:00,18.6
2021-07-30,2:00:00,18.4
2021-07-30,4:00:00,18.3
2021-07-30,6:00:00,18.3
2021-07-30,8:00:00,18.2
2021-07-30,10:00:00,18
2021-07-30,12:00:00,18.1
2021-07-30,14:00:00,18.1
2021-07-30,16:00:00,18.1
2021-07-30,18:00:00,18.1
2021-07-30,20:00:00,18
2021-07-30,22:00:00,18
2021-07-31,0:00:00,17.9
2021-07-31,2:00:00,17.8
2021-07-31,4:00:00,17.7
2021-07-31,6:00:00,17.6
2021-07-31,8:00:00,17.5
2021-07-31,10:00:00,17.5
2021-07-31,12:00:00,17.3
2021-07-31,14:00:00,17.5
2021-07-31,16:00:00,17.4
2021-07-31,18:00:00,17.4
2021-07-31,20:00:00,17.5
2021-07-31,22:00:00,17.4
2021-08-01,0:00:00,17.3
2021-08-01,2:00:00,17.3
2021-08-01,4:00:00,17.3
2021-08-01,6:00:00,17.2
2021-08-01,8:00:00,17.2
2021-08-01,10:00:00,17.3
2021-08-01,12:00:00,17.1
2021-08-01,14:00:00,17.5
2021-08-01,16:00:00,18.1
2021-08-01,18:00:00,18.2
2021-08-01,20:00:00,17.7
2021-08-01,22:00:00,17.6
2021-08-02,0:00:00,17.5
2021-08-02,2:00:00,17.4
2021-08-02,4:00:00,17.6
2021-08-02,6:00:00,17.5
2021-08-02,8:00:00,17.2
2021-08-02,10:00:00,17.2
2021-08-02,12:00:00,17.3
2021-08-02,14:00:00,17.4
2021-08-02,16:00:00,17.4
2021-08-02,18:00:00,17.4
2021-08-02,20:00:00,17.2
2021-08-02,22:00:00,17.2
2021-08-03,0:00:00,17.2
2021-08-03,2:00:00,17.1
2021-08-03,4:00:00,17
2021-08-03,6:00:00,17
2021-08-03,8:00:00,17
2021-08-03,10:00:00,17
2021-08-03,12:00:00,17.2
2021-08-03,14:00:00,17.3
2021-08-03,16:00:00,17.3
2021-08-03,18:00:00,17.4
2021-08-03,20:00:00,17.4
2021-08-03,22:00:00,17.5
2021-08-04,0:00:00,17.5
2021-08-04,2:00:00,17.6
2021-08-04,4:00:00,17.5
2021-08-04,6:00:00,17.5
2021-08-04,8:00:00,17.8
2021-08-04,10:00:00,17.7
2021-08-04,12:00:00,17.3
2021-08-04,14:00:00,17.3
2021-08-04,16:00:00,18.7
2021-08-04,18:00:00,18.2
2021-08-04,20:00:00,18.3
2021-08-04,22:00:00,18.3
2021-08-05,0:00:00,18.1
2021-08-05,2:00:00,18
2021-08-05,4:00:00,18.1
2021-08-05,6:00:00,18.1
2021-08-05,8:00:00,18.1
2021-08-05,10:00:00,18.1
2021-08-05,12:00:00,18.1
2021-08-05,14:00:00,18
2021-08-05,16:00:00,18.3
2021-08-05,18:00:00,18.3
2021-08-05,20:00:00,18.2
2021-08-05,22:00:00,18.3
2021-08-06,0:00:00,18.2
2021-08-06,2:00:00,18.2
2021-08-06,4:00:00,18.2
2021-08-06,6:00:00,18.2
2021-08-06,8:00:00,18.2
2021-08-06,10:00:00,18.3
2021-08-06,12:00:00,18.3
2021-08-06,14:00:00,18.5
2021-08-06,16:00:00,18.5
2021-08-06,18:00:00,18.5
2021-08-06,20:00:00,19.4
2021-08-06,22:00:00,19
2021-08-07,0:00:00,18.8
2021-08-07,2:00:00,18.8
2021-08-07,4:00:00,18.7
2021-08-07,6:00:00,18.3
2021-08-07,8:00:00,18.5
2021-08-07,10:00:00,18.6
2021-08-07,12:00:00,18.8
2021-08-07,14:00:00,19.1
2021-08-07,16:00:00,19.3
2021-08-07,18:00:00,19.3
2021-08-07,20:00:00,19.3
2021-08-07,22:00:00,19.5
2021-08-08,0:00:00,19.4
2021-08-08,2:00:00,19.6
2021-08-08,4:00:00,19.5
2021-08-08,6:00:00,19.3
2021-08-08,8:00:00,19.4
2021-08-08,10:00:00,19.3
2021-08-08,12:00:00,19.3
2021-08-08,14:00:00,19.3
2021-08-08,16:00:00,19.6
2021-08-08,18:00:00,19.6
2021-08-08,20:00:00,19.4
2021-08-08,22:00:00,19.4
2021-08-09,0:00:00,19.3
2021-08-09,2:00:00,19.2
2021-08-09,4:00:00,19.1
2021-08-09,6:00:00,18.8
2021-08-09,8:00:00,18.6
2021-08-09,10:00:00,18.8
2021-08-09,12:00:00,19.1
2021-08-09,14:00:00,19.2
2021-08-09,16:00:00,19.7
2021-08-09,18:00:00,20.1
2021-08-09,20:00:00,19.6
2021-08-09,22:00:00,19.4
2021-08-10,0:00:00,19.3
2021-08-10,2:00:00,19.2
2021-08-10,4:00:00,19
2021-08-10,6:00:00,18.6
2021-08-10,8:00:00,19.1
2021-08-10,10:00:00,19.3
2021-08-10,12:00:00,19.5
2021-08-10,14:00:00,19.7
2021-08-10,16:00:00,18.9
2021-08-10,18:00:00,20
2021-08-10,20:00:00,20.2
2021-08-10,22:00:00,19.6
2021-08-11,0:00:00,19.7
2021-08-11,2:00:00,20
2021-08-11,4:00:00,19.9
2021-08-11,6:00:00,19.8
2021-08-11,8:00:00,19.1
2021-08-11,10:00:00,19.6
2021-08-11,12:00:00,20
2021-08-11,14:00:00,20.5
2021-08-11,16:00:00,19.3
2021-08-11,18:00:00,18.5
2021-08-11,20:00:00,19.1
2021-08-11,22:00:00,20.3
2021-08-12,0:00:00,20.3
2021-08-12,2:00:00,20.1
2021-08-12,4:00:00,20.3
2021-08-12,6:00:00,20
2021-08-12,8:00:00,20
2021-08-12,10:00:00,20.2
2021-08-12,12:00:00,20.2
2021-08-12,14:00:00,20.4
2021-08-12,16:00:00,20.1
2021-08-12,18:00:00,18.7
2021-08-12,20:00:00,20.3
2021-08-12,22:00:00,20.7
2021-08-13,0:00:00,20.3
2021-08-13,2:00:00,20.6
2021-08-13,4:00:00,20.7
2021-08-13,6:00:00,19.8
2021-08-13,8:00:00,20.6
2021-08-13,10:00:00,20.6
2021-08-13,12:00:00,20.9
2021-08-13,14:00:00,20.4
2021-08-13,16:00:00,21.6
2021-08-13,18:00:00,22
2021-08-13,20:00:00,21.2
2021-08-13,22:00:00,21
2021-08-14,0:00:00,20.5
2021-08-14,2:00:00,21.1
2021-08-14,4:00:00,21.1
2021-08-14,6:00:00,19.8
2021-08-14,8:00:00,20.5
2021-08-14,10:00:00,20.4
2021-08-14,12:00:00,20.2
2021-08-14,14:00:00,20.3
2021-08-14,16:00:00,20.2
2021-08-14,18:00:00,20.2
2021-08-14,20:00:00,17.3
2021-08-14,22:00:00,19.9
2021-08-15,0:00:00,20.2
2021-08-15,2:00:00,20
2021-08-15,4:00:00,19.9
2021-08-15,6:00:00,19.8
2021-08-15,8:00:00,20
2021-08-15,10:00:00,19.7
2021-08-15,12:00:00,19.6
2021-08-15,14:00:00,20
2021-08-15,16:00:00,20
2021-08-15,18:00:00,21
2021-08-15,20:00:00,20.4
2021-08-15,22:00:00,19.9
2021-08-16,0:00:00,20.1
2021-08-16,2:00:00,19.8
2021-08-16,4:00:00,19.7
2021-08-16,6:00:00,19.9
2021-08-16,8:00:00,20
2021-08-16,10:00:00,20
2021-08-16,12:00:00,20.3
2021-08-16,14:00:00,20.4
2021-08-16,16:00:00,20.9
2021-08-16,18:00:00,20.9
2021-08-16,20:00:00,20.6
2021-08-16,22:00:00,20.1
2021-08-17,0:00:00,20
2021-08-17,2:00:00,20.2
2021-08-17,4:00:00,20.2
2021-08-17,6:00:00,20.1
2021-08-17,8:00:00,20
2021-08-17,10:00:00,20
2021-08-17,12:00:00,20.3
2021-08-17,14:00:00,20.7
2021-08-17,16:00:00,21.2
2021-08-17,18:00:00,21.3
2021-08-17,20:00:00,20.8
2021-08-17,22:00:00,20.9
2021-08-18,0:00:00,20.8
2021-08-18,2:00:00,20.7
2021-08-18,4:00:00,20.5
2021-08-18,6:00:00,20.5
2021-08-18,8:00:00,20.3
2021-08-18,10:00:00,20.4
2021-08-18,12:00:00,20.4
2021-08-18,14:00:00,20.1
2021-08-18,16:00:00,20.2
2021-08-18,18:00:00,20.8
2021-08-18,20:00:00,20.5
2021-08-18,22:00:00,20.6
2021-08-19,0:00:00,20.6
2021-08-19,2:00:00,20.6
2021-08-19,4:00:00,20.8
2021-08-19,6:00:00,20.9
2021-08-19,8:00:00,20.8
2021-08-19,10:00:00,20.5
2021-08-19,12:00:00,20.7
2021-08-19,14:00:00,20.7
2021-08-19,16:00:00,20.8
2021-08-19,18:00:00,22.1
2021-08-19,20:00:00,21.8
2021-08-19,22:00:00,21.4
2021-08-20,0:00:00,21.8
2021-08-20,2:00:00,21.4
2021-08-20,4:00:00,21.6
2021-08-20,6:00:00,21.5
2021-08-20,8:00:00,21.4
2021-08-20,10:00:00,21.5
2021-08-20,12:00:00,21.3
2021-08-20,14:00:00,21.6
2021-08-20,16:00:00,22
2021-08-20,18:00:00,21.8
2021-08-20,20:00:00,21.4
2021-08-20,22:00:00,21.3
2021-08-21,0:00:00,21.5
2021-08-21,2:00:00,21.3
2021-08-21,4:00:00,21.2
2021-08-21,6:00:00,21.1
2021-08-21,8:00:00,20.9
2021-08-21,10:00:00,21
2021-08-21,12:00:00,21.2
2021-08-21,14:00:00,21.1
2021-08-21,16:00:00,20.6
2021-08-21,18:00:00,20.7
2021-08-21,20:00:00,20.7
2021-08-21,22:00:00,20.5
2021-08-22,0:00:00,20.6
2021-08-22,2:00:00,20.1
2021-08-22,4:00:00,20.1
2021-08-22,6:00:00,19.7
2021-08-22,8:00:00,20.2
2021-08-22,10:00:00,20
2021-08-22,12:00:00,20.1
2021-08-22,14:00:00,20.5
2021-08-22,16:00:00,20.5
2021-08-22,18:00:00,20.7
2021-08-22,20:00:00,21.1
2021-08-22,22:00:00,21
2021-08-23,0:00:00,20.9
2021-08-23,2:00:00,20.8
2021-08-23,4:00:00,20
2021-08-23,6:00:00,20.5
2021-08-23,8:00:00,20.7
2021-08-23,10:00:00,20.4
2021-08-23,12:00:00,20.8
2021-08-23,14:00:00,20.3
2021-08-23,16:00:00,19.7
2021-08-23,18:00:00,20.9
2021-08-23,20:00:00,20.5
2021-08-23,22:00:00,20.7
2021-08-24,0:00:00,20.7
2021-08-24,2:00:00,20.4
2021-08-24,4:00:00,20.4
2021-08-24,6:00:00,20.3
2021-08-24,8:00:00,20.4
2021-08-24,10:00:00,20.4
2021-08-24,12:00:00,20.9
2021-08-24,14:00:00,20.8
2021-08-24,16:00:00,20.7
2021-08-24,18:00:00,21.1
2021-08-24,20:00:00,21.1
2021-08-24,22:00:00,21.2
2021-08-25,0:00:00,20.9
2021-08-25,2:00:00,20.8
2021-08-25,4:00:00,20.8
2021-08-25,6:00:00,20.7
2021-08-25,8:00:00,20.9
2021-08-25,10:00:00,21.1
2021-08-25,12:00:00,21.2
2021-08-25,14:00:00,21.4
2021-08-25,16:00:00,21.7
2021-08-25,18:00:00,21.5
2021-08-25,20:00:00,21.3
2021-08-25,22:00:00,21.7
2021-08-26,0:00:00,21.5
2021-08-26,2:00:00,21.3
2021-08-26,4:00:00,21.3
2021-08-26,6:00:00,20.2
2021-08-26,8:00:00,20.1
2021-08-26,10:00:00,21
2021-08-26,12:00:00,21
2021-08-26,14:00:00,21.5
2021-08-26,16:00:00,21.4
2021-08-26,18:00:00,21.5
2021-08-26,20:00:00,21.2
2021-08-26,22:00:00,21.5
2021-08-27,0:00:00,21.5
2021-08-27,2:00:00,21.4
2021-08-27,4:00:00,20.8
2021-08-27,6:00:00,20.8
2021-08-27,8:00:00,20.7
2021-08-27,10:00:00,21
2021-08-27,12:00:00,20.6
2021-08-27,14:00:00,20.5
2021-08-27,16:00:00,20.4
2021-08-27,18:00:00,20.3
2021-08-27,20:00:00,20.2
2021-08-27,22:00:00,20.1
2021-08-28,0:00:00,19.8
2021-08-28,2:00:00,20
2021-08-28,4:00:00,20
2021-08-28,6:00:00,19.8
2021-08-28,8:00:00,19.8
2021-08-28,10:00:00,19.5
2021-08-28,12:00:00,19.7
2021-08-28,14:00:00,19.7
2021-08-28,16:00:00,19.8
2021-08-28,18:00:00,20.1
2021-08-28,20:00:00,20
2021-08-28,22:00:00,19.9
2021-08-29,0:00:00,19.8
2021-08-29,2:00:00,19.7
2021-08-29,4:00:00,19.6
2021-08-29,6:00:00,19.5
2021-08-29,8:00:00,19.5
2021-08-29,10:00:00,19.5
2021-08-29,12:00:00,20
2021-08-29,14:00:00,20.1
2021-08-29,16:00:00,20.3
2021-08-29,18:00:00,20.3
2021-08-29,20:00:00,20
2021-08-29,22:00:00,19.7
2021-08-30,0:00:00,19.9
2021-08-30,2:00:00,19.9
2021-08-30,4:00:00,19.8
2021-08-30,6:00:00,19.8
2021-08-30,8:00:00,19.7
2021-08-30,10:00:00,19.4
2021-08-30,12:00:00,19.4
2021-08-30,14:00:00,19.5
2021-08-30,16:00:00,19.4
2021-08-30,18:00:00,19.3
2021-08-30,20:00:00,19.1
2021-08-30,22:00:00,18.7
2021-08-31,0:00:00,18.7
2021-08-31,2:00:00,18.8
2021-08-31,4:00:00,18.8
2021-08-31,6:00:00,18.8
2021-08-31,8:00:00,19.1
2021-08-31,10:00:00,19.1
2021-08-31,12:00:00,19.1
2021-08-31,14:00:00,19.9
2021-08-31,16:00:00,20.2
2021-08-31,18:00:00,20.4
2021-08-31,20:00:00,20.4
2021-08-31,22:00:00,20.3
2021-09-01,0:00:00,20.1
2021-09-01,2:00:00,19.7
2021-09-01,4:00:00,19.5
2021-09-01,6:00:00,19.5
2021-09-01,8:00:00,19.6
2021-09-01,10:00:00,19.6
2021-09-01,12:00:00,19.6
2021-09-01,14:00:00,19.7
2021-09-01,16:00:00,19.8
2021-09-01,18:00:00,19.9
2021-09-01,20:00:00,19.8
2021-09-01,22:00:00,19.6
2021-09-02,0:00:00,19.4
2021-09-02,2:00:00,19.3
2021-09-02,4:00:00,19.4
2021-09-02,6:00:00,19.4
2021-09-02,8:00:00,19.4
2021-09-02,10:00:00,19.5
2021-09-02,12:00:00,19.5
2021-09-02,14:00:00,19.4
2021-09-02,16:00:00,19.2
2021-09-02,18:00:00,18.8
2021-09-02,20:00:00,18.3
2021-09-02,22:00:00,17.7
2021-09-03,0:00:00,17.5
2021-09-03,2:00:00,17.4
2021-09-03,4:00:00,17.7
2021-09-03,6:00:00,17.6
2021-09-03,8:00:00,18.4
2021-09-03,10:00:00,18.4
2021-09-03,12:00:00,18.2
2021-09-03,14:00:00,18.2
2021-09-03,16:00:00,18.2
2021-09-03,18:00:00,18
2021-09-03,20:00:00,18
2021-09-03,22:00:00,17.9
2021-09-04,0:00:00,18.1
2021-09-04,2:00:00,18.1
2021-09-04,4:00:00,18.1
2021-09-04,6:00:00,18.2
2021-09-04,8:00:00,18.1
2021-09-04,10:00:00,18
2021-09-04,12:00:00,18
2021-09-04,14:00:00,17.9
2021-09-04,16:00:00,17.8
2021-09-04,18:00:00,17.7
2021-09-04,20:00:00,17.6
2021-09-04,22:00:00,17.5
2021-09-05,0:00:00,17.5
2021-09-05,2:00:00,17.5
2021-09-05,4:00:00,17.5
2021-09-05,6:00:00,17.4
2021-09-05,8:00:00,17.4
2021-09-05,10:00:00,16.8
2021-09-05,12:00:00,16.8
2021-09-05,14:00:00,16.9
2021-09-05,16:00:00,17
2021-09-05,18:00:00,17
2021-09-05,20:00:00,16.8
2021-09-05,22:00:00,16.7
2021-09-06,0:00:00,16.7
2021-09-06,2:00:00,17.1
2021-09-06,4:00:00,17.1
2021-09-06,6:00:00,17
2021-09-06,8:00:00,17
2021-09-06,10:00:00,16.8
2021-09-06,12:00:00,17.1
2021-09-06,14:00:00,17
2021-09-06,16:00:00,17
2021-09-06,18:00:00,17
2021-09-06,20:00:00,17
2021-09-06,22:00:00,17.1
2021-09-07,0:00:00,17.1
2021-09-07,2:00:00,17.1
2021-09-07,4:00:00,17
2021-09-07,6:00:00,16.9
2021-09-07,8:00:00,16.8
2021-09-07,10:00:00,16.9
2021-09-07,12:00:00,17
2021-09-07,14:00:00,17.1
2021-09-07,16:00:00,17.1
2021-09-07,18:00:00,17.1
2021-09-07,20:00:00,17
2021-09-07,22:00:00,17
2021-09-08,0:00:00,17.1
2021-09-08,2:00:00,17.2
2021-09-08,4:00:00,17.2
2021-09-08,6:00:00,17.2
2021-09-08,8:00:00,17.1
2021-09-08,10:00:00,17
2021-09-08,12:00:00,17.4
2021-09-08,14:00:00,17.6
2021-09-08,16:00:00,17.6
2021-09-08,18:00:00,17.9
2021-09-08,20:00:00,17.8
2021-09-08,22:00:00,17.6
2021-09-09,0:00:00,17.5
2021-09-09,2:00:00,17.5
2021-09-09,4:00:00,16.8
2021-09-09,6:00:00,17.2
2021-09-09,8:00:00,17.4
2021-09-09,10:00:00,17.4
2021-09-09,12:00:00,17.5
2021-09-09,14:00:00,17.4
2021-09-09,16:00:00,16.7
2021-09-09,18:00:00,17.4
2021-09-09,20:00:00,17.5
2021-09-09,22:00:00,17.7
2021-09-10,0:00:00,17.7
2021-09-10,2:00:00,17.7
2021-09-10,4:00:00,17.7
2021-09-10,6:00:00,17.6
2021-09-10,8:00:00,17.6
2021-09-10,10:00:00,17.7
2021-09-10,12:00:00,17.6
2021-09-10,14:00:00,17.5
2021-09-10,16:00:00,17.3
2021-09-10,18:00:00,17.3
2021-09-10,20:00:00,17.3
2021-09-10,22:00:00,17.3
2021-09-11,0:00:00,17.3
2021-09-11,2:00:00,17.2
2021-09-11,4:00:00,17.2
2021-09-11,6:00:00,17.1
2021-09-11,8:00:00,17
2021-09-11,10:00:00,17
2021-09-11,12:00:00,17
2021-09-11,14:00:00,17.1
2021-09-11,16:00:00,17.1
2021-09-11,18:00:00,17.1
2021-09-11,20:00:00,17
2021-09-11,22:00:00,17
2021-09-12,0:00:00,16.9
2021-09-12,2:00:00,16.9
2021-09-12,4:00:00,16.9
2021-09-12,6:00:00,16.9
2021-09-12,8:00:00,16.8
2021-09-12,10:00:00,16.8
2021-09-12,12:00:00,16.8
2021-09-12,14:00:00,16.9
2021-09-12,16:00:00,16.9
2021-09-12,18:00:00,17.1
2021-09-12,20:00:00,17
2021-09-12,22:00:00,16.9
2021-09-13,0:00:00,16.8
2021-09-13,2:00:00,16.7
2021-09-13,4:00:00,16.7
2021-09-13,6:00:00,16.7
2021-09-13,8:00:00,16.6
2021-09-13,10:00:00,16.5
2021-09-13,12:00:00,16.5
2021-09-13,14:00:00,16.7
2021-09-13,16:00:00,16.9
2021-09-13,18:00:00,16.9
2021-09-13,20:00:00,16.9
2021-09-13,22:00:00,16.8
2021-09-14,0:00:00,16.8
2021-09-14,2:00:00,16.7
2021-09-14,4:00:00,16.6
2021-09-14,6:00:00,16.6
2021-09-14,8:00:00,16.5
2021-09-14,10:00:00,16.5
2021-09-14,12:00:00,16.6
2021-09-14,14:00:00,16.6
2021-09-14,16:00:00,16.8
2021-09-14,18:00:00,16.8
2021-09-14,20:00:00,16.5
2021-09-14,22:00:00,16.3
2021-09-15,0:00:00,16.3
2021-09-15,2:00:00,16.1
2021-09-15,4:00:00,16.2
2021-09-15,6:00:00,16.3
2021-09-15,8:00:00,16.2
2021-09-15,10:00:00,15.9
2021-09-15,12:00:00,15.5
2021-09-15,14:00:00,15.5
2021-09-15,16:00:00,15.5
2021-09-15,18:00:00,15.3
2021-09-15,20:00:00,15.8
2021-09-15,22:00:00,15.8
2021-09-16,0:00:00,15.4
2021-09-16,2:00:00,15.6
2021-09-16,4:00:00,15.7
2021-09-16,6:00:00,15.6
2021-09-16,8:00:00,15.6
2021-09-16,10:00:00,15.8
2021-09-16,12:00:00,16.1
2021-09-16,14:00:00,16.3
2021-09-16,16:00:00,16.6
2021-09-16,18:00:00,17
2021-09-16,20:00:00,16.6
2021-09-16,22:00:00,16.3
2021-09-17,0:00:00,16.4
2021-09-17,2:00:00,16.6
2021-09-17,4:00:00,16.3
2021-09-17,6:00:00,16.1
2021-09-17,8:00:00,16
2021-09-17,10:00:00,16.2
2021-09-17,12:00:00,16.6
2021-09-17,14:00:00,16.8
2021-09-17,16:00:00,16.8
2021-09-17,18:00:00,16.7
2021-09-17,20:00:00,16.4
2021-09-17,22:00:00,16.6
2021-09-18,0:00:00,16.4
2021-09-18,2:00:00,16.7
2021-09-18,4:00:00,16.8
2021-09-18,6:00:00,16.9
2021-09-18,8:00:00,16.9
2021-09-18,10:00:00,16.8
2021-09-18,12:00:00,16.9
2021-09-18,14:00:00,17
2021-09-18,16:00:00,17.2
2021-09-18,18:00:00,17
2021-09-18,20:00:00,17.1
2021-09-18,22:00:00,17.1
2021-09-19,0:00:00,16.9
2021-09-19,2:00:00,16.9
2021-09-19,4:00:00,16.8
2021-09-19,6:00:00,16.8
2021-09-19,8:00:00,16.7
2021-09-19,10:00:00,16.5
2021-09-19,12:00:00,16.5
2021-09-19,14:00:00,16.6
2021-09-19,16:00:00,16.6
2021-09-19,18:00:00,16.7
2021-09-19,20:00:00,16.5
2021-09-19,22:00:00,16.2
2021-09-20,0:00:00,16.1
2021-09-20,2:00:00,16
2021-09-20,4:00:00,15.8
2021-09-20,6:00:00,16.1
2021-09-20,8:00:00,16.3
2021-09-20,10:00:00,16.3
2021-09-20,12:00:00,16.6
2021-09-20,14:00:00,16.2
2021-09-20,16:00:00,16.5
2021-09-20,18:00:00,16.6
2021-09-20,20:00:00,16.4
2021-09-20,22:00:00,16.2
2021-09-21,0:00:00,16
2021-09-21,2:00:00,16.2
2021-09-21,4:00:00,16.2
2021-09-21,6:00:00,15.9
2021-09-21,8:00:00,16.3
2021-09-21,10:00:00,16.2
2021-09-21,12:00:00,16.3
2021-09-21,14:00:00,16.5
2021-09-21,16:00:00,16.6
2021-09-21,18:00:00,16.5
2021-09-21,20:00:00,16.6
2021-09-21,22:00:00,16.4
2021-09-22,0:00:00,16.3
2021-09-22,2:00:00,16.2
2021-09-22,4:00:00,16.2
2021-09-22,6:00:00,16.2
2021-09-22,8:00:00,16.1
2021-09-22,10:00:00,16.3
2021-09-22,12:00:00,16.5
2021-09-22,14:00:00,16.6
2021-09-22,16:00:00,16.6
2021-09-22,18:00:00,16.6
2021-09-22,20:00:00,16.8
2021-09-22,22:00:00,16.7
2021-09-23,0:00:00,16.6
2021-09-23,2:00:00,16.6
2021-09-23,4:00:00,16.5
2021-09-23,6:00:00,16.5
2021-09-23,8:00:00,16.4
2021-09-23,10:00:00,16.5
2021-09-23,12:00:00,16.9
2021-09-23,14:00:00,16.8
2021-09-23,16:00:00,17.1
2021-09-23,18:00:00,17
2021-09-23,20:00:00,17.3
2021-09-23,22:00:00,17.1
2021-09-24,0:00:00,17.3
2021-09-24,2:00:00,17.2
2021-09-24,4:00:00,17
2021-09-24,6:00:00,17
2021-09-24,8:00:00,17
2021-09-24,10:00:00,16.8
2021-09-24,12:00:00,17
2021-09-24,14:00:00,17.1
2021-09-24,16:00:00,17.5
2021-09-24,18:00:00,17.3
2021-09-24,20:00:00,16.6
2021-09-24,22:00:00,16.5
2021-09-25,0:00:00,16.8
2021-09-25,2:00:00,16.6
2021-09-25,4:00:00,15.9
2021-09-25,6:00:00,15.2
2021-09-25,8:00:00,15.5
2021-09-25,10:00:00,15.9
2021-09-25,12:00:00,16.1
2021-09-25,14:00:00,16
2021-09-25,16:00:00,15.5
2021-09-25,18:00:00,15.2
2021-09-25,20:00:00,15.7
2021-09-25,22:00:00,16.7
2021-09-26,0:00:00,16.9
2021-09-26,2:00:00,16.8
2021-09-26,4:00:00,16.5
2021-09-26,6:00:00,15.9
2021-09-26,8:00:00,16.2
2021-09-26,10:00:00,16.7
2021-09-26,12:00:00,16.9
2021-09-26,14:00:00,16.8
2021-09-26,16:00:00,16.6
2021-09-26,18:00:00,15.2
2021-09-26,20:00:00,15.1
2021-09-26,22:00:00,15.1
2021-09-27,0:00:00,14.8
2021-09-27,2:00:00,15
2021-09-27,4:00:00,15.3
2021-09-27,6:00:00,15.5
2021-09-27,8:00:00,15.7
2021-09-27,10:00:00,15.6
2021-09-27,12:00:00,15.7
2021-09-27,14:00:00,15.8
2021-09-27,16:00:00,15.9
2021-09-27,18:00:00,15.9
2021-09-27,20:00:00,15.8
2021-09-27,22:00:00,15.7
2021-09-28,0:00:00,15.7
2021-09-28,2:00:00,15.6
2021-09-28,4:00:00,15.6
2021-09-28,6:00:00,15.6
2021-09-28,8:00:00,15.5
2021-09-28,10:00:00,15.4
2021-09-28,12:00:00,15.5
2021-09-28,14:00:00,15.6
2021-09-28,16:00:00,15.6
2021-09-28,18:00:00,15.6
2021-09-28,20:00:00,15.6
2021-09-28,22:00:00,15.5
2021-09-29,0:00:00,15.5
2021-09-29,2:00:00,15.5
2021-09-29,4:00:00,15.5
2021-09-29,6:00:00,15.5
2021-09-29,8:00:00,15.6
2021-09-29,10:00:00,15.6
2021-09-29,12:00:00,15.6
2021-09-29,14:00:00,15.5
2021-09-29,16:00:00,15.5
2021-09-29,18:00:00,15.5
2021-09-29,20:00:00,15.4
2021-09-29,22:00:00,15.4
2021-09-30,0:00:00,15.3
2021-09-30,2:00:00,15.2
2021-09-30,4:00:00,15.1
2021-09-30,6:00:00,15
2021-09-30,8:00:00,14.9
2021-09-30,10:00:00,14.9
2021-09-30,12:00:00,14.9
2021-09-30,14:00:00,15
2021-09-30,16:00:00,14.9
2021-09-30,18:00:00,14.9
2021-09-30,20:00:00,14.8
2021-09-30,22:00:00,15
2021-10-01,0:00:00,14.9
2021-10-01,2:00:00,14.8
2021-10-01,4:00:00,14.8
2021-10-01,6:00:00,14.7
2021-10-01,8:00:00,14.8
2021-10-01,10:00:00,14.6
2021-10-01,12:00:00,14.6
2021-10-01,14:00:00,14.7
2021-10-01,16:00:00,14.8
2021-10-01,18:00:00,14.7
2021-10-01,20:00:00,14.6
2021-10-01,22:00:00,14.6
2021-10-02,0:00:00,14.5
2021-10-02,2:00:00,14.5
2021-10-02,4:00:00,14.5
2021-10-02,6:00:00,14.6
2021-10-02,8:00:00,14.5
2021-10-02,10:00:00,14.6
2021-10-02,12:00:00,14.5
2021-10-02,14:00:00,14.6
2021-10-02,16:00:00,14.6
2021-10-02,18:00:00,14.6
2021-10-02,20:00:00,14.5
2021-10-02,22:00:00,14.6
2021-10-03,0:00:00,14.6
2021-10-03,2:00:00,14.5
2021-10-03,4:00:00,14.5
2021-10-03,6:00:00,14.5
2021-10-03,8:00:00,14.5
2021-10-03,10:00:00,14.5
2021-10-03,12:00:00,14.4
2021-10-03,14:00:00,14.5
2021-10-03,16:00:00,14.5
2021-10-03,18:00:00,14.4
2021-10-03,20:00:00,14.5
2021-10-03,22:00:00,14.4
2021-10-04,0:00:00,14.4
2021-10-04,2:00:00,14.4
2021-10-04,4:00:00,14.4
2021-10-04,6:00:00,14.4
2021-10-04,8:00:00,14.4
2021-10-04,10:00:00,14.4
2021-10-04,12:00:00,14.4
2021-10-04,14:00:00,14.5
2021-10-04,16:00:00,14.6
2021-10-04,18:00:00,14.7
2021-10-04,20:00:00,14.6
2021-10-04,22:00:00,14.4
2021-10-05,0:00:00,13.8
2021-10-05,2:00:00,14.2
2021-10-05,4:00:00,14.3
2021-10-05,6:00:00,14.4
2021-10-05,8:00:00,14.3
2021-10-05,10:00:00,14.3
2021-10-05,12:00:00,14.5
2021-10-05,14:00:00,14.4
2021-10-05,16:00:00,14.5
2021-10-05,18:00:00,14.5
2021-10-05,20:00:00,14.6
2021-10-05,22:00:00,14.4
2021-10-06,0:00:00,13.8
2021-10-06,2:00:00,13.9
2021-10-06,4:00:00,14.1
2021-10-06,6:00:00,14.4
2021-10-06,8:00:00,14.4
2021-10-06,10:00:00,14.3
2021-10-06,12:00:00,14.4
2021-10-06,14:00:00,14.6
2021-10-06,16:00:00,14.8
2021-10-06,18:00:00,14.7
2021-10-06,20:00:00,14.7
2021-10-06,22:00:00,14.4
2021-10-07,0:00:00,14.5
2021-10-07,2:00:00,14.5
2021-10-07,4:00:00,14.4
2021-10-07,6:00:00,14.5
2021-10-07,8:00:00,14.5
2021-10-07,10:00:00,14.3
2021-10-07,12:00:00,14.5
2021-10-07,14:00:00,15.1
2021-10-07,16:00:00,14.6
2021-10-07,18:00:00,14.7
2021-10-07,20:00:00,15
2021-10-07,22:00:00,14.9
2021-10-08,0:00:00,14.9
2021-10-08,2:00:00,14.7
2021-10-08,4:00:00,14.7
2021-10-08,6:00:00,14.6
2021-10-08,8:00:00,14.6
2021-10-08,10:00:00,14.5
2021-10-08,12:00:00,14.5
2021-10-08,14:00:00,14.5
2021-10-08,16:00:00,14.6
2021-10-08,18:00:00,14.5
2021-10-08,20:00:00,14.1
2021-10-08,22:00:00,13.9
2021-10-09,0:00:00,14.2
2021-10-09,2:00:00,13.7
2021-10-09,4:00:00,13.8
2021-10-09,6:00:00,13.3
2021-10-09,8:00:00,13.3
2021-10-09,10:00:00,13.2
2021-10-09,12:00:00,13.4
2021-10-09,14:00:00,13.7
2021-10-09,16:00:00,14
2021-10-09,18:00:00,13.9
2021-10-09,20:00:00,13.8
2021-10-09,22:00:00,14.1
2021-10-10,0:00:00,13.7
2021-10-10,2:00:00,13.7
2021-10-10,4:00:00,13.6
2021-10-10,6:00:00,13.8
2021-10-10,8:00:00,14
2021-10-10,10:00:00,14
2021-10-10,12:00:00,14.2
2021-10-10,14:00:00,14
2021-10-10,16:00:00,14.2
2021-10-10,18:00:00,14.2
2021-10-10,20:00:00,14
2021-10-10,22:00:00,14.1
2021-10-11,0:00:00,14.2
2021-10-11,2:00:00,14.1
2021-10-11,4:00:00,13.9
2021-10-11,6:00:00,13.9
2021-10-11,8:00:00,14
2021-10-11,10:00:00,14.1
2021-10-11,12:00:00,14.2
2021-10-11,14:00:00,14.4
2021-10-11,16:00:00,14.4
2021-10-11,18:00:00,14.5
2021-10-11,20:00:00,13.9
2021-10-11,22:00:00,14.3
2021-10-12,0:00:00,14.4
2021-10-12,2:00:00,14.4
2021-10-12,4:00:00,14.4
2021-10-12,6:00:00,14.3
2021-10-12,8:00:00,14.1
2021-10-12,10:00:00,14.2
2021-10-12,12:00:00,14.4
2021-10-12,14:00:00,14.4
2021-10-12,16:00:00,14.3
2021-10-12,18:00:00,14.3
2021-10-12,20:00:00,14.1
2021-10-12,22:00:00,14.2
2021-10-13,0:00:00,14
2021-10-13,2:00:00,14
2021-10-13,4:00:00,14
2021-10-13,6:00:00,14.1
2021-10-13,8:00:00,14.1
2021-10-13,10:00:00,14.2
2021-10-13,12:00:00,14.2
2021-10-13,14:00:00,14.3
2021-10-13,16:00:00,14.5
2021-10-13,18:00:00,14.5
2021-10-13,20:00:00,14.4
2021-10-13,22:00:00,14.4
2021-10-14,0:00:00,14.4
2021-10-14,2:00:00,14.4
2021-10-14,4:00:00,14.4
2021-10-14,6:00:00,14.3
2021-10-14,8:00:00,14.3
2021-10-14,10:00:00,14.2
2021-10-14,12:00:00,14.2
2021-10-14,14:00:00,14.2
2021-10-14,16:00:00,14.2
2021-10-14,18:00:00,14.2
2021-10-14,20:00:00,14.1
2021-10-14,22:00:00,14.1
2021-10-15,0:00:00,14.1
2021-10-15,2:00:00,14
2021-10-15,4:00:00,14
2021-10-15,6:00:00,13.9
2021-10-15,8:00:00,13.9
2021-10-15,10:00:00,13.9
2021-10-15,12:00:00,14
2021-10-15,14:00:00,14.2
2021-10-15,16:00:00,14.3
2021-10-15,18:00:00,14.2
2021-10-15,20:00:00,14.1
2021-10-15,22:00:00,14.1
2021-10-16,0:00:00,14
2021-10-16,2:00:00,14
2021-10-16,4:00:00,14
2021-10-16,6:00:00,13.9
2021-10-16,8:00:00,13.9
2021-10-16,10:00:00,13.9
2021-10-16,12:00:00,14
2021-10-16,14:00:00,14.1
2021-10-16,16:00:00,14
2021-10-16,18:00:00,14
2021-10-16,20:00:00,13.9
2021-10-16,22:00:00,13.9
2021-10-17,0:00:00,13.6
2021-10-17,2:00:00,13.8
2021-10-17,4:00:00,13.7
2021-10-17,6:00:00,13.6
2021-10-17,8:00:00,13.7
2021-10-17,10:00:00,13.8
2021-10-17,12:00:00,13.9
2021-10-17,14:00:00,13.8
2021-10-17,16:00:00,13.8
2021-10-17,18:00:00,13.7
2021-10-17,20:00:00,13.6
2021-10-17,22:00:00,14
2021-10-18,0:00:00,13.7
2021-10-18,2:00:00,13.5
2021-10-18,4:00:00,13.4
2021-10-18,6:00:00,13.3
2021-10-18,8:00:00,13.1
2021-10-18,10:00:00,13.1
2021-10-18,12:00:00,13.2
2021-10-18,14:00:00,13.2
2021-10-18,16:00:00,13.2
2021-10-18,18:00:00,13.2
2021-10-18,20:00:00,13.2
2021-10-18,22:00:00,13.1
2021-10-19,0:00:00,13.1
2021-10-19,2:00:00,13
2021-10-19,4:00:00,13
2021-10-19,6:00:00,13
2021-10-19,8:00:00,12.9
2021-10-19,10:00:00,12.9
2021-10-19,12:00:00,13
2021-10-19,14:00:00,13
2021-10-19,16:00:00,12.9
2021-10-19,18:00:00,12.8
2021-10-19,20:00:00,12.7
2021-10-19,22:00:00,12.7
2021-10-20,0:00:00,12.7
2021-10-20,2:00:00,12.7
2021-10-20,4:00:00,12.7
2021-10-20,6:00:00,12.8
2021-10-20,8:00:00,13.5
2021-10-20,10:00:00,13.5
2021-10-20,12:00:00,13.5
2021-10-20,14:00:00,13.1
2021-10-20,16:00:00,12.8
2021-10-20,18:00:00,12.9
2021-10-20,20:00:00,13.7
2021-10-20,22:00:00,13.6
2021-10-21,0:00:00,13.6
2021-10-21,2:00:00,13.5
2021-10-21,4:00:00,13.4
2021-10-21,6:00:00,13.4
2021-10-21,8:00:00,13.3
2021-10-21,10:00:00,13.3
2021-10-21,12:00:00,13.6
2021-10-21,14:00:00,13.6
2021-10-21,16:00:00,13.6
2021-10-21,18:00:00,13.5
2021-10-21,20:00:00,13.4
2021-10-21,22:00:00,13.2
2021-10-22,0:00:00,13.1
2021-10-22,2:00:00,12.8
2021-10-22,4:00:00,13
2021-10-22,6:00:00,13
2021-10-22,8:00:00,12.9
2021-10-22,10:00:00,12.9
2021-10-22,12:00:00,12.9
2021-10-22,14:00:00,13.2
2021-10-22,16:00:00,13.1
2021-10-22,18:00:00,13
2021-10-22,20:00:00,13.1
2021-10-22,22:00:00,13
2021-10-23,0:00:00,13
2021-10-23,2:00:00,13
2021-10-23,4:00:00,13.1
2021-10-23,6:00:00,13.1
2021-10-23,8:00:00,13.1
2021-10-23,10:00:00,13
2021-10-23,12:00:00,13
2021-10-23,14:00:00,13.2
2021-10-23,16:00:00,13
2021-10-23,18:00:00,13.1
2021-10-23,20:00:00,12.9
2021-10-23,22:00:00,13.2
2021-10-24,0:00:00,13.1
2021-10-24,2:00:00,13.1
2021-10-24,4:00:00,13
2021-10-24,6:00:00,13
2021-10-24,8:00:00,12.8
2021-10-24,10:00:00,12.8
2021-10-24,12:00:00,12.4
2021-10-24,14:00:00,12.5
2021-10-24,16:00:00,12.7
2021-10-24,18:00:00,12.7
2021-10-24,20:00:00,12.6
2021-10-24,22:00:00,12.6
2021-10-25,0:00:00,12.5
2021-10-25,2:00:00,12.5
2021-10-25,4:00:00,12.5
2021-10-25,6:00:00,12.4
2021-10-25,8:00:00,12.4
2021-10-25,10:00:00,12.4
2021-10-25,12:00:00,12.3
2021-10-25,14:00:00,12.3
2021-10-25,16:00:00,12.1
2021-10-25,18:00:00,11.9
2021-10-25,20:00:00,11.7
2021-10-25,22:00:00,11.7
2021-10-26,0:00:00,11.8
2021-10-26,2:00:00,11.9
2021-10-26,4:00:00,12.1
2021-10-26,6:00:00,11.8
2021-10-26,8:00:00,11.7
2021-10-26,10:00:00,12
2021-10-26,12:00:00,12
2021-10-26,14:00:00,11.9
2021-10-26,16:00:00,12.1
2021-10-26,18:00:00,12.2
2021-10-26,20:00:00,12.3
2021-10-26,22:00:00,12.2
2021-10-27,0:00:00,12.2
2021-10-27,2:00:00,12.2
2021-10-27,4:00:00,12.2
2021-10-27,6:00:00,12.2
2021-10-27,8:00:00,12.1
2021-10-27,10:00:00,12.1
2021-10-27,12:00:00,12.1
2021-10-27,14:00:00,11.9
2021-10-27,16:00:00,11.9
2021-10-27,18:00:00,11.9
2021-10-27,20:00:00,11.8
2021-10-27,22:00:00,11.7
2021-10-28,0:00:00,11.7
2021-10-28,2:00:00,11.6
2021-10-28,4:00:00,11.6
2021-10-28,6:00:00,11.4
2021-10-28,8:00:00,11.5
2021-10-28,10:00:00,11.4
2021-10-28,12:00:00,11.3
2021-10-28,14:00:00,11
2021-10-28,16:00:00,11
2021-10-28,18:00:00,10.9
2021-10-28,20:00:00,10.8
2021-10-28,22:00:00,10.7
2021-10-29,0:00:00,10.7
2021-10-29,2:00:00,10.7
2021-10-29,4:00:00,10.6
2021-10-29,6:00:00,10.6
2021-10-29,8:00:00,10.6
2021-10-29,10:00:00,10.6
2021-10-29,12:00:00,10.4
2021-10-29,14:00:00,10.4
2021-10-29,16:00:00,10.3
2021-10-29,18:00:00,10.2
2021-10-29,20:00:00,10.2
2021-10-29,22:00:00,10.1
2021-10-30,0:00:00,10.1
2021-10-30,2:00:00,10.1
2021-10-30,4:00:00,10.2
2021-10-30,6:00:00,10.1
2021-10-30,8:00:00,10
2021-10-30,10:00:00,10
2021-10-30,12:00:00,10.3
2021-10-30,14:00:00,10.6
2021-10-30,16:00:00,10.5
2021-10-30,18:00:00,10.6
2021-10-30,20:00:00,10.6
2021-10-30,22:00:00,10.3
2021-10-31,0:00:00,10.5
2021-10-31,2:00:00,10.5
2021-10-31,4:00:00,10.5
2021-10-31,6:00:00,10.4
2021-10-31,8:00:00,11
2021-10-31,10:00:00,11
2021-10-31,12:00:00,11
2021-10-31,14:00:00,11
2021-10-31,16:00:00,11.1
2021-10-31,18:00:00,11.1
2021-10-31,20:00:00,11.2
2021-10-31,22:00:00,11.3
2021-11-01,0:00:00,11.4
2021-11-01,2:00:00,11.2
2021-11-01,4:00:00,11
2021-11-01,6:00:00,11
2021-11-01,8:00:00,10.9
2021-11-01,10:00:00,10.9
2021-11-01,12:00:00,11.1
2021-11-01,14:00:00,11.2
2021-11-01,16:00:00,11.3
2021-11-01,18:00:00,11.3
2021-11-01,20:00:00,11.1
2021-11-01,22:00:00,10.9
2021-11-02,0:00:00,10.8
2021-11-02,2:00:00,10.8
2021-11-02,4:00:00,10.9
2021-11-02,6:00:00,10.5
2021-11-02,8:00:00,10.3
2021-11-02,10:00:00,10.2
2021-11-02,12:00:00,10.3
2021-11-02,14:00:00,10.4
2021-11-02,16:00:00,10.5
2021-11-02,18:00:00,10.5
2021-11-02,20:00:00,10.7
2021-11-02,22:00:00,10.4
2021-11-03,0:00:00,10
2021-11-03,2:00:00,10
2021-11-03,4:00:00,10.2
2021-11-03,6:00:00,10.4
2021-11-03,8:00:00,10.4
2021-11-03,10:00:00,10.4
2021-11-03,12:00:00,10.4
2021-11-03,14:00:00,10.3
2021-11-03,16:00:00,10.4
2021-11-03,18:00:00,10.5
2021-11-03,20:00:00,10.3
2021-11-03,22:00:00,10.3
2021-11-04,0:00:00,10
2021-11-04,2:00:00,10.3
2021-11-04,4:00:00,10.5
2021-11-04,6:00:00,10.5
2021-11-04,8:00:00,10.3
2021-11-04,10:00:00,9.8
2021-11-04,12:00:00,9.6
2021-11-04,14:00:00,9.7
2021-11-04,16:00:00,9.8
2021-11-04,18:00:00,9.7
2021-11-04,20:00:00,9.8
2021-11-04,22:00:00,10
2021-11-05,0:00:00,10
2021-11-05,2:00:00,9.8
2021-11-05,4:00:00,9.7
2021-11-05,6:00:00,9.7
2021-11-05,8:00:00,9.8
2021-11-05,10:00:00,9.6
2021-11-05,12:00:00,9.9
2021-11-05,14:00:00,9.9
2021-11-05,16:00:00,9.7
2021-11-05,18:00:00,9.9
2021-11-05,20:00:00,10.3
2021-11-05,22:00:00,10.1
2021-11-06,0:00:00,10
2021-11-06,2:00:00,9.3
2021-11-06,4:00:00,9.4
2021-11-06,6:00:00,9.5
2021-11-06,8:00:00,9.9
2021-11-06,10:00:00,9.5
2021-11-06,12:00:00,9.4
2021-11-06,14:00:00,9.2
2021-11-06,16:00:00,9
2021-11-06,18:00:00,9.2
2021-11-06,20:00:00,9.3
2021-11-06,22:00:00,9.3
2021-11-07,0:00:00,8.9
2021-11-07,2:00:00,8.3
2021-11-07,4:00:00,8.6
2021-11-07,6:00:00,9.5
2021-11-07,8:00:00,9
2021-11-07,10:00:00,9.3
2021-11-07,12:00:00,9.1
2021-11-07,14:00:00,9.1
2021-11-07,16:00:00,8.8
2021-11-07,18:00:00,8.7
2021-11-07,20:00:00,8.7
2021-11-07,22:00:00,8.7
2021-11-08,0:00:00,8.8
2021-11-08,2:00:00,8.7
2021-11-08,4:00:00,8.5
2021-11-08,6:00:00,8.8
2021-11-08,8:00:00,9
2021-11-08,10:00:00,9.1
2021-11-08,12:00:00,8.9
2021-11-08,14:00:00,8.8
2021-11-08,16:00:00,9
2021-11-08,18:00:00,8.7
2021-11-08,20:00:00,8.7
2021-11-08,22:00:00,8.8
2021-11-09,0:00:00,8.9
2021-11-09,2:00:00,8.9
2021-11-09,4:00:00,8.3
2021-11-09,6:00:00,8.1
2021-11-09,8:00:00,8.5
2021-11-09,10:00:00,9.1
2021-11-09,12:00:00,8.9
2021-11-09,14:00:00,8.9
2021-11-09,16:00:00,9.1
2021-11-09,18:00:00,9.2
2021-11-09,20:00:00,9.1
2021-11-09,22:00:00,9.2
2021-11-10,0:00:00,9.3
2021-11-10,2:00:00,9.2
2021-11-10,4:00:00,9.1
2021-11-10,6:00:00,8.8
2021-11-10,8:00:00,8.9
2021-11-10,10:00:00,9
2021-11-10,12:00:00,9
2021-11-10,14:00:00,8.8
2021-11-10,16:00:00,9
2021-11-10,18:00:00,8.9
2021-11-10,20:00:00,8.9
2021-11-10,22:00:00,9
2021-11-11,0:00:00,9.3
2021-11-11,2:00:00,9.2
2021-11-11,4:00:00,9.1
2021-11-11,6:00:00,9
2021-11-11,8:00:00,9
2021-11-11,10:00:00,9
2021-11-11,12:00:00,9.1
2021-11-11,14:00:00,9.1
2021-11-11,16:00:00,9.1
2021-11-11,18:00:00,9
2021-11-11,20:00:00,9
2021-11-11,22:00:00,8.7
2021-11-12,0:00:00,8.6
2021-11-12,2:00:00,9.1
2021-11-12,4:00:00,9
2021-11-12,6:00:00,8.8
2021-11-12,8:00:00,7.9
2021-11-12,10:00:00,7.8
2021-11-12,12:00:00,7.7
2021-11-12,14:00:00,8.2
2021-11-12,16:00:00,8
2021-11-12,18:00:00,7.7
2021-11-12,20:00:00,8.3
2021-11-12,22:00:00,8.9
2021-11-13,0:00:00,8.9
2021-11-13,2:00:00,8.8
2021-11-13,4:00:00,8.8
2021-11-13,6:00:00,8.5
2021-11-13,8:00:00,8.3
2021-11-13,10:00:00,8.1
2021-11-13,12:00:00,8.5
2021-11-13,14:00:00,8.7
2021-11-13,16:00:00,8.8
2021-11-13,18:00:00,8.7
2021-11-13,20:00:00,8.7
2021-11-13,22:00:00,8.2
2021-11-14,0:00:00,7.7
2021-11-14,2:00:00,8
2021-11-14,4:00:00,8.2
2021-11-14,6:00:00,8.3
2021-11-14,8:00:00,8.3
2021-11-14,10:00:00,8.4
2021-11-14,12:00:00,8.5
2021-11-14,14:00:00,8.5
2021-11-14,16:00:00,8.6
2021-11-14,18:00:00,8.5
2021-11-14,20:00:00,8.4
2021-11-14,22:00:00,8.4
2021-11-15,0:00:00,8.3
2021-11-15,2:00:00,8.3
2021-11-15,4:00:00,8.3
2021-11-15,6:00:00,8.3
2021-11-15,8:00:00,8.3
2021-11-15,10:00:00,7.9
2021-11-15,12:00:00,7.9
2021-11-15,14:00:00,8.2
2021-11-15,16:00:00,8.3
2021-11-15,18:00:00,8.4
2021-11-15,20:00:00,8.2
2021-11-15,22:00:00,8.2
2021-11-16,0:00:00,8.3
2021-11-16,2:00:00,8.4
2021-11-16,4:00:00,8.4
2021-11-16,6:00:00,8.4
2021-11-16,8:00:00,8.4
2021-11-16,10:00:00,8.2
2021-11-16,12:00:00,8.1
2021-11-16,14:00:00,8.1
2021-11-16,16:00:00,8
2021-11-16,18:00:00,8.1
2021-11-16,20:00:00,8.1
2021-11-16,22:00:00,8
2021-11-17,0:00:00,8
2021-11-17,2:00:00,7.7
2021-11-17,4:00:00,8
2021-11-17,6:00:00,8
2021-11-17,8:00:00,8
2021-11-17,10:00:00,7.9
2021-11-17,12:00:00,7.9
2021-11-17,14:00:00,7.9
2021-11-17,16:00:00,7.9
2021-11-17,18:00:00,7.9
2021-11-17,20:00:00,7.9
2021-11-17,22:00:00,7.9
2021-11-18,0:00:00,7.6
2021-11-18,2:00:00,6.9
2021-11-18,4:00:00,6.5
2021-11-18,6:00:00,6.7
2021-11-18,8:00:00,6.5
2021-11-18,10:00:00,6.6
2021-11-18,12:00:00,6.9
2021-11-18,14:00:00,7.6
2021-11-18,16:00:00,7.1
2021-11-18,18:00:00,7
2021-11-18,20:00:00,7
2021-11-18,22:00:00,6.6
2021-11-19,0:00:00,6.9
2021-11-19,2:00:00,6.8
2021-11-19,4:00:00,6.7
2021-11-19,6:00:00,7
2021-11-19,8:00:00,7.4
2021-11-19,10:00:00,7.6
2021-11-19,12:00:00,7.6
2021-11-19,14:00:00,7.4
2021-11-19,16:00:00,7.2
2021-11-19,18:00:00,7.5
2021-11-19,20:00:00,7.6
2021-11-19,22:00:00,7.6
2021-11-20,0:00:00,7.4
2021-11-20,2:00:00,7.3
2021-11-20,4:00:00,7
2021-11-20,6:00:00,7
2021-11-20,8:00:00,7.1
2021-11-20,10:00:00,6.8
2021-11-20,12:00:00,7.1
2021-11-20,14:00:00,7
2021-11-20,16:00:00,6.9
2021-11-20,18:00:00,6.9
2021-11-20,20:00:00,7
2021-11-20,22:00:00,6.6
2021-11-21,0:00:00,6.5
2021-11-21,2:00:00,5.4
2021-11-21,4:00:00,5.1
2021-11-21,6:00:00,6.1
2021-11-21,8:00:00,5.6
2021-11-21,10:00:00,6
2021-11-21,12:00:00,5.7
2021-11-21,14:00:00,5.5
2021-11-21,16:00:00,6
2021-11-21,18:00:00,6
2021-11-21,20:00:00,6.6
2021-11-21,22:00:00,6.8
2021-11-22,0:00:00,6.7
2021-11-22,2:00:00,5.7
2021-11-22,4:00:00,5.9
2021-11-22,6:00:00,6.8
2021-11-22,8:00:00,7.1
2021-11-22,10:00:00,7
2021-11-22,12:00:00,7.2
2021-11-22,14:00:00,7.1
2021-11-22,16:00:00,6.9
2021-11-22,18:00:00,7
2021-11-22,20:00:00,6.7
2021-11-22,22:00:00,6.6
2021-11-23,0:00:00,6.6
2021-11-23,2:00:00,7.1
2021-11-23,4:00:00,7.1
2021-11-23,6:00:00,7.3
2021-11-23,8:00:00,7.3
2021-11-23,10:00:00,7.4
2021-11-23,12:00:00,7.3
2021-11-23,14:00:00,7.3
2021-11-23,16:00:00,7.2
2021-11-23,18:00:00,7.2
2021-11-23,20:00:00,7.2
2021-11-23,22:00:00,7.2
2021-11-24,0:00:00,7.1
2021-11-24,2:00:00,7.1
2021-11-24,4:00:00,7
2021-11-24,6:00:00,6.9
2021-11-24,8:00:00,6.5
2021-11-24,10:00:00,6.6
2021-11-24,12:00:00,6.6
2021-11-24,14:00:00,6.4
2021-11-24,16:00:00,6.8
2021-11-24,18:00:00,6.9
2021-11-24,20:00:00,6.9
2021-11-24,22:00:00,6.9
2021-11-25,0:00:00,6.8
2021-11-25,2:00:00,6.7
2021-11-25,4:00:00,6.6
2021-11-25,6:00:00,5.8
2021-11-25,8:00:00,6.4
2021-11-25,10:00:00,6.7
2021-11-25,12:00:00,6.7
2021-11-25,14:00:00,6.5
2021-11-25,16:00:00,6.4
2021-11-25,18:00:00,6.4
2021-11-25,20:00:00,6.4
2021-11-25,22:00:00,6.5
2021-11-26,0:00:00,6.4
2021-11-26,2:00:00,6.4
2021-11-26,4:00:00,6.3
2021-11-26,6:00:00,5.3
2021-11-26,8:00:00,5
2021-11-26,10:00:00,5.5
2021-11-26,12:00:00,6.5
2021-11-26,14:00:00,6.1
2021-11-26,16:00:00,6.1
2021-11-26,18:00:00,6.4
2021-11-26,20:00:00,6.7
2021-11-26,22:00:00,6.5
2021-11-27,0:00:00,6
2021-11-27,2:00:00,5.4
2021-11-27,4:00:00,5.2
2021-11-27,6:00:00,5.1
2021-11-27,8:00:00,5.1
2021-11-27,10:00:00,5.4
2021-11-27,12:00:00,6
2021-11-27,14:00:00,6.1
2021-11-27,16:00:00,6.1
2021-11-27,18:00:00,6.2
2021-11-27,20:00:00,6.2
2021-11-27,22:00:00,6
2021-11-28,0:00:00,5.7
2021-11-28,2:00:00,6.1
2021-11-28,4:00:00,5.8
2021-11-28,6:00:00,5.7
2021-11-28,8:00:00,5.7
2021-11-28,10:00:00,5.9
2021-11-28,12:00:00,6
2021-11-28,14:00:00,6
2021-11-28,16:00:00,6
2021-11-28,18:00:00,5.7
2021-11-28,20:00:00,5.5
2021-11-28,22:00:00,5.6
2021-11-29,0:00:00,5.8
2021-11-29,2:00:00,5.9
2021-11-29,4:00:00,5.9
2021-11-29,6:00:00,5.2
2021-11-29,8:00:00,5.3
2021-11-29,10:00:00,5.3
2021-11-29,12:00:00,5.3
2021-11-29,14:00:00,5.5
2021-11-29,16:00:00,5.7
2021-11-29,18:00:00,5.6
2021-11-29,20:00:00,5.6
2021-11-29,22:00:00,5.4
2021-11-30,0:00:00,5.5
2021-11-30,2:00:00,5.4
2021-11-30,4:00:00,5.2
2021-11-30,6:00:00,5.1
2021-11-30,8:00:00,5
2021-11-30,10:00:00,4.5
2021-11-30,12:00:00,4.9
2021-11-30,14:00:00,5.3
2021-11-30,16:00:00,5.3
2021-11-30,18:00:00,5
2021-11-30,20:00:00,4.7
2021-11-30,22:00:00,4.6
2021-12-01,0:00:00,4.1
2021-12-01,4:00:00,4.1
2021-12-01,6:00:00,4.3
2021-12-01,8:00:00,4.3
2021-12-01,10:00:00,4.4
2021-12-01,12:00:00,4.2
2021-12-01,14:00:00,4.4
2021-12-01,16:00:00,4.8
2021-12-01,18:00:00,4.4
2021-12-01,20:00:00,4.1
2021-12-02,0:00:00,3.7
2021-12-02,2:00:00,4.5
2021-12-02,4:00:00,4.3
2021-12-02,6:00:00,4.4
2021-12-02,8:00:00,4
2021-12-02,12:00:00,3.7
2021-12-02,14:00:00,4.7
2021-12-02,16:00:00,4.7
2021-12-02,18:00:00,4.5
2021-12-02,20:00:00,4.2
2021-12-02,22:00:00,4.3
2021-12-03,0:00:00,4.8
2021-12-03,2:00:00,5
2021-12-03,4:00:00,5
2021-12-03,6:00:00,5.1
2021-12-03,8:00:00,5.3
2021-12-03,10:00:00,5.1
2021-12-03,12:00:00,4.6
2021-12-03,14:00:00,4.2
2021-12-03,16:00:00,4
2021-12-03,18:00:00,4.1
2021-12-03,20:00:00,3.9
2021-12-03,22:00:00,3.9
2021-12-04,0:00:00,3.8
