Source File: C:\Users\DFO\Documents\Vemco\LoggerVUE\Minilog-II-T_356286_20230626_1.vld,,
Source Device: Minilog-II-T-356286,,
Study Description: Malpeque PEI bottom JF 2022,,
Minilog Initialized: 2021-10-25 09:08:43 (UTC-3),,
Study Start Time: 2022-03-31 00:00:00,,
Study Stop Time: 2023-06-26 12:00:00,,
Sample Interval: 02:00:00,,
Date(yyyy-mm-dd),Time(hh:mm:ss),Temperature (Â°C)
4/15/2022,0:00:00,1.18
4/15/2022,2:00:00,1.01
4/15/2022,4:00:00,1.02
4/15/2022,6:00:00,1.05
4/15/2022,8:00:00,1.01
4/15/2022,10:00:00,0.92
4/15/2022,12:00:00,1.49
4/15/2022,14:00:00,1.23
4/15/2022,16:00:00,1.02
4/15/2022,18:00:00,1.08
4/15/2022,20:00:00,1.03
4/15/2022,22:00:00,1
4/16/2022,0:00:00,1.36
4/16/2022,2:00:00,1.36
4/16/2022,4:00:00,1.46
4/16/2022,6:00:00,1.43
4/16/2022,8:00:00,1.62
4/16/2022,10:00:00,1.38
4/16/2022,12:00:00,0.96
4/16/2022,14:00:00,1.8
4/16/2022,16:00:00,1.71
4/16/2022,18:00:00,1.52
4/16/2022,20:00:00,1.6
4/16/2022,22:00:00,1.5
4/17/2022,0:00:00,1.42
4/17/2022,2:00:00,1.43
4/17/2022,4:00:00,1.41
4/17/2022,6:00:00,1.4
4/17/2022,8:00:00,1.39
4/17/2022,10:00:00,1.46
4/17/2022,12:00:00,1.46
4/17/2022,14:00:00,2.03
4/17/2022,16:00:00,1.64
4/17/2022,18:00:00,1.52
4/17/2022,20:00:00,1.42
4/17/2022,22:00:00,1.21
4/18/2022,0:00:00,1.33
4/18/2022,2:00:00,1.44
4/18/2022,4:00:00,1.66
4/18/2022,6:00:00,1.11
4/18/2022,8:00:00,1.19
4/18/2022,10:00:00,1.29
4/18/2022,12:00:00,1.31
4/18/2022,14:00:00,1.96
4/18/2022,16:00:00,2.18
4/18/2022,18:00:00,1.78
4/18/2022,20:00:00,1.7
4/18/2022,22:00:00,1.73
4/19/2022,0:00:00,1.85
4/19/2022,2:00:00,1.7
4/19/2022,4:00:00,1.73
4/19/2022,6:00:00,1.68
4/19/2022,8:00:00,1.73
4/19/2022,10:00:00,1.7
4/19/2022,12:00:00,1.62
4/19/2022,14:00:00,1.54
4/19/2022,16:00:00,1.56
4/19/2022,18:00:00,1.54
4/19/2022,20:00:00,1.55
4/19/2022,22:00:00,1.55
4/20/2022,0:00:00,1.74
4/20/2022,2:00:00,1.68
4/20/2022,4:00:00,1.89
4/20/2022,6:00:00,1.82
4/20/2022,8:00:00,1.79
4/20/2022,10:00:00,1.64
4/20/2022,12:00:00,1.6
4/20/2022,14:00:00,1.78
4/20/2022,16:00:00,2.81
4/20/2022,18:00:00,3.2
4/20/2022,20:00:00,2.63
4/20/2022,22:00:00,2.05
4/21/2022,0:00:00,1.77
4/21/2022,2:00:00,1.63
4/21/2022,4:00:00,1.5
4/21/2022,6:00:00,1.4
4/21/2022,8:00:00,1.37
4/21/2022,10:00:00,1.41
4/21/2022,12:00:00,1.5
4/21/2022,14:00:00,1.71
4/21/2022,16:00:00,2.27
4/21/2022,18:00:00,3.01
4/21/2022,20:00:00,2.8
4/21/2022,22:00:00,2.43
4/22/2022,0:00:00,2.31
4/22/2022,2:00:00,1.71
4/22/2022,4:00:00,1.73
4/22/2022,6:00:00,1.88
4/22/2022,8:00:00,1.67
4/22/2022,10:00:00,1.66
4/22/2022,12:00:00,1.71
4/22/2022,14:00:00,1.74
4/22/2022,16:00:00,1.93
4/22/2022,18:00:00,2.41
4/22/2022,20:00:00,2.86
4/22/2022,22:00:00,2.86
4/23/2022,0:00:00,2.51
4/23/2022,2:00:00,2.46
4/23/2022,4:00:00,2.16
4/23/2022,6:00:00,1.94
4/23/2022,8:00:00,1.8
4/23/2022,10:00:00,1.71
4/23/2022,12:00:00,1.72
4/23/2022,14:00:00,2.02
4/23/2022,16:00:00,2.19
4/23/2022,18:00:00,2.44
4/23/2022,20:00:00,2.78
4/23/2022,22:00:00,3.44
4/24/2022,0:00:00,3.59
4/24/2022,2:00:00,2.56
4/24/2022,4:00:00,2.25
4/24/2022,6:00:00,2.2
4/24/2022,8:00:00,2.24
4/24/2022,10:00:00,2.33
4/24/2022,12:00:00,2.4
4/24/2022,14:00:00,2.46
4/24/2022,16:00:00,2.58
4/24/2022,18:00:00,2.87
4/24/2022,20:00:00,3.51
4/24/2022,22:00:00,3.51
4/25/2022,0:00:00,2.84
4/25/2022,2:00:00,2.46
4/25/2022,4:00:00,2.39
4/25/2022,6:00:00,2.39
4/25/2022,8:00:00,2.39
4/25/2022,10:00:00,2.4
4/25/2022,12:00:00,2.44
4/25/2022,14:00:00,2.52
4/25/2022,16:00:00,2.68
4/25/2022,18:00:00,3.1
4/25/2022,20:00:00,3.79
4/25/2022,22:00:00,3.79
4/26/2022,0:00:00,3.05
4/26/2022,2:00:00,2.81
4/26/2022,4:00:00,2.8
4/26/2022,6:00:00,2.77
4/26/2022,8:00:00,2.72
4/26/2022,10:00:00,2.66
4/26/2022,12:00:00,3.22
4/26/2022,14:00:00,3.43
4/26/2022,16:00:00,3.51
4/26/2022,18:00:00,3.48
4/26/2022,20:00:00,3.54
4/26/2022,22:00:00,3.54
4/27/2022,0:00:00,3.91
4/27/2022,2:00:00,3.72
4/27/2022,4:00:00,3.71
4/27/2022,6:00:00,3.44
4/27/2022,8:00:00,3.42
4/27/2022,10:00:00,3.42
4/27/2022,12:00:00,3.4
4/27/2022,14:00:00,3.41
4/27/2022,16:00:00,3.39
4/27/2022,18:00:00,3.36
4/27/2022,20:00:00,3.56
4/27/2022,22:00:00,3.66
4/28/2022,0:00:00,3.61
4/28/2022,2:00:00,3.49
4/28/2022,4:00:00,3.31
4/28/2022,6:00:00,3.23
4/28/2022,8:00:00,2.93
4/28/2022,10:00:00,2.87
4/28/2022,12:00:00,2.83
4/28/2022,14:00:00,2.79
4/28/2022,16:00:00,2.83
4/28/2022,18:00:00,2.8
4/28/2022,20:00:00,2.79
4/28/2022,22:00:00,2.83
4/29/2022,0:00:00,3.52
4/29/2022,2:00:00,3.76
4/29/2022,4:00:00,3.41
4/29/2022,6:00:00,3.39
4/29/2022,8:00:00,3.11
4/29/2022,10:00:00,2.87
4/29/2022,12:00:00,3.45
4/29/2022,14:00:00,3.77
4/29/2022,16:00:00,3.1
4/29/2022,18:00:00,2.99
4/29/2022,20:00:00,2.93
4/29/2022,22:00:00,2.96
4/30/2022,0:00:00,2.94
4/30/2022,2:00:00,2.93
4/30/2022,4:00:00,2.92
4/30/2022,6:00:00,2.92
4/30/2022,8:00:00,2.98
4/30/2022,10:00:00,3.39
4/30/2022,12:00:00,3.57
4/30/2022,14:00:00,3.79
4/30/2022,16:00:00,3.64
4/30/2022,18:00:00,3.63
4/30/2022,20:00:00,3.5
4/30/2022,22:00:00,3.34
5/1/2022,0:00:00,3.16
5/1/2022,2:00:00,3.19
5/1/2022,4:00:00,3.19
5/1/2022,6:00:00,3.11
5/1/2022,8:00:00,3.08
5/1/2022,10:00:00,3.15
5/1/2022,12:00:00,3.28
5/1/2022,14:00:00,3.34
5/1/2022,16:00:00,3.43
5/1/2022,18:00:00,3.21
5/1/2022,20:00:00,3.25
5/1/2022,22:00:00,3.23
5/2/2022,0:00:00,3.22
5/2/2022,2:00:00,3.23
5/2/2022,4:00:00,3.18
5/2/2022,6:00:00,3.03
5/2/2022,8:00:00,2.96
5/2/2022,10:00:00,2.95
5/2/2022,12:00:00,3.25
5/2/2022,14:00:00,4
5/2/2022,16:00:00,3.91
5/2/2022,18:00:00,3.6
5/2/2022,20:00:00,3.34
5/2/2022,22:00:00,3.24
5/3/2022,0:00:00,3.3
5/3/2022,2:00:00,3.27
5/3/2022,4:00:00,3.14
5/3/2022,6:00:00,3.07
5/3/2022,8:00:00,3.21
5/3/2022,10:00:00,3.14
5/3/2022,12:00:00,3.2
5/3/2022,14:00:00,3.38
5/3/2022,16:00:00,4.8
5/3/2022,18:00:00,4.91
5/3/2022,20:00:00,4.41
5/3/2022,22:00:00,3.66
5/4/2022,0:00:00,3.48
5/4/2022,2:00:00,3.44
5/4/2022,4:00:00,3.63
5/4/2022,6:00:00,3.52
5/4/2022,8:00:00,3.56
5/4/2022,10:00:00,3.51
5/4/2022,12:00:00,3.5
5/4/2022,14:00:00,3.65
5/4/2022,16:00:00,3.97
5/4/2022,18:00:00,4.55
5/4/2022,20:00:00,4
5/4/2022,22:00:00,3.96
5/5/2022,0:00:00,3.83
5/5/2022,2:00:00,4.03
5/5/2022,4:00:00,4.02
5/5/2022,6:00:00,3.89
5/5/2022,8:00:00,4.08
5/5/2022,10:00:00,4.22
5/5/2022,12:00:00,4.21
5/5/2022,14:00:00,4.52
5/5/2022,16:00:00,4.71
5/5/2022,18:00:00,4.56
5/5/2022,20:00:00,4.36
5/5/2022,22:00:00,4.19
5/6/2022,0:00:00,3.98
5/6/2022,2:00:00,4.33
5/6/2022,4:00:00,4.19
5/6/2022,6:00:00,4.29
5/6/2022,8:00:00,4.22
5/6/2022,10:00:00,3.69
5/6/2022,12:00:00,3.75
5/6/2022,14:00:00,4.15
5/6/2022,16:00:00,4.27
5/6/2022,18:00:00,4.72
5/6/2022,20:00:00,4.48
5/6/2022,22:00:00,4.36
5/7/2022,0:00:00,4.28
5/7/2022,2:00:00,4.15
5/7/2022,4:00:00,4.04
5/7/2022,6:00:00,4.01
5/7/2022,8:00:00,4.07
5/7/2022,10:00:00,4.15
5/7/2022,12:00:00,4.14
5/7/2022,14:00:00,4.31
5/7/2022,16:00:00,4.7
5/7/2022,18:00:00,4.81
5/7/2022,20:00:00,5.22
5/7/2022,22:00:00,4.94
5/8/2022,0:00:00,4.7
5/8/2022,2:00:00,4.34
5/8/2022,4:00:00,4.37
5/8/2022,6:00:00,4.27
5/8/2022,8:00:00,4.44
5/8/2022,10:00:00,4.25
5/8/2022,12:00:00,4.27
5/8/2022,14:00:00,4.28
5/8/2022,16:00:00,4.69
5/8/2022,18:00:00,4.83
5/8/2022,20:00:00,5.45
5/8/2022,22:00:00,5.03
5/9/2022,0:00:00,4.54
5/9/2022,2:00:00,4.42
5/9/2022,4:00:00,4.43
5/9/2022,6:00:00,4.45
5/9/2022,8:00:00,4.17
5/9/2022,10:00:00,3.82
5/9/2022,12:00:00,4.2
5/9/2022,14:00:00,4
5/9/2022,16:00:00,4.01
5/9/2022,18:00:00,4.28
5/9/2022,20:00:00,5.16
5/9/2022,22:00:00,5.27
5/10/2022,0:00:00,4.05
5/10/2022,2:00:00,3.99
5/10/2022,4:00:00,4.12
5/10/2022,6:00:00,4.07
5/10/2022,8:00:00,4.03
5/10/2022,10:00:00,4.3
5/10/2022,12:00:00,4.3
5/10/2022,14:00:00,4.28
5/10/2022,16:00:00,4.98
5/10/2022,18:00:00,5.09
5/10/2022,20:00:00,5.58
5/10/2022,22:00:00,5.64
5/11/2022,0:00:00,5.31
5/11/2022,2:00:00,4.31
5/11/2022,4:00:00,4.25
5/11/2022,6:00:00,4.26
5/11/2022,8:00:00,4.15
5/11/2022,10:00:00,3.87
5/11/2022,12:00:00,3.81
5/11/2022,14:00:00,3.84
5/11/2022,16:00:00,3.87
5/11/2022,18:00:00,3.95
5/11/2022,20:00:00,4.25
5/11/2022,22:00:00,6.06
5/12/2022,0:00:00,6.31
5/12/2022,2:00:00,3.97
5/12/2022,4:00:00,3.99
5/12/2022,6:00:00,4.62
5/12/2022,8:00:00,4.25
5/12/2022,10:00:00,6.08
5/12/2022,12:00:00,6.39
5/12/2022,14:00:00,5.8
5/12/2022,16:00:00,3.98
5/12/2022,18:00:00,4.09
5/12/2022,20:00:00,5.4
5/12/2022,22:00:00,5.61
5/13/2022,0:00:00,5.45
5/13/2022,2:00:00,5.17
5/13/2022,4:00:00,4.61
5/13/2022,6:00:00,4.88
5/13/2022,8:00:00,4.71
5/13/2022,10:00:00,4.8
5/13/2022,12:00:00,6.56
5/13/2022,14:00:00,6.35
5/13/2022,16:00:00,4.87
5/13/2022,18:00:00,5.39
5/13/2022,20:00:00,4.2
5/13/2022,22:00:00,4.47
5/14/2022,0:00:00,4.84
5/14/2022,2:00:00,5.05
5/14/2022,4:00:00,5.01
5/14/2022,6:00:00,4.92
5/14/2022,8:00:00,5.08
5/14/2022,10:00:00,5.34
5/14/2022,12:00:00,5.44
5/14/2022,14:00:00,5.85
5/14/2022,16:00:00,5.36
5/14/2022,18:00:00,5.22
5/14/2022,20:00:00,5.33
5/14/2022,22:00:00,5.72
5/15/2022,0:00:00,5.47
5/15/2022,2:00:00,5.31
5/15/2022,4:00:00,5.49
5/15/2022,6:00:00,5.69
5/15/2022,8:00:00,5.6
5/15/2022,10:00:00,5.99
5/15/2022,12:00:00,5.57
5/15/2022,14:00:00,6.32
5/15/2022,16:00:00,6.83
5/15/2022,18:00:00,5.93
5/15/2022,20:00:00,5.4
5/15/2022,22:00:00,5.6
5/16/2022,0:00:00,4.96
5/16/2022,2:00:00,5.35
5/16/2022,4:00:00,4.77
5/16/2022,6:00:00,4.86
5/16/2022,8:00:00,3.51
5/16/2022,10:00:00,4.37
5/16/2022,12:00:00,5.02
5/16/2022,14:00:00,6.07
5/16/2022,16:00:00,6.97
5/16/2022,18:00:00,5.99
5/16/2022,20:00:00,5.42
5/16/2022,22:00:00,5.48
5/17/2022,0:00:00,5.47
5/17/2022,2:00:00,5.84
5/17/2022,4:00:00,5.47
5/17/2022,6:00:00,5.28
5/17/2022,8:00:00,5.03
5/17/2022,10:00:00,6.33
5/17/2022,12:00:00,5.19
5/17/2022,14:00:00,4.1
5/17/2022,16:00:00,6.09
5/17/2022,18:00:00,7.12
5/17/2022,20:00:00,6.21
5/17/2022,22:00:00,5.91
5/18/2022,0:00:00,5.95
5/18/2022,2:00:00,6
5/18/2022,4:00:00,6.15
5/18/2022,6:00:00,6.2
5/18/2022,8:00:00,6.08
5/18/2022,10:00:00,5.92
5/18/2022,12:00:00,5.8
5/18/2022,14:00:00,6.64
5/18/2022,16:00:00,7.62
5/18/2022,18:00:00,7.51
5/18/2022,20:00:00,6.38
5/18/2022,22:00:00,7.41
5/19/2022,0:00:00,7.7
5/19/2022,2:00:00,7.49
5/19/2022,4:00:00,7.72
5/19/2022,6:00:00,7.58
5/19/2022,8:00:00,7.56
5/19/2022,10:00:00,7.48
5/19/2022,12:00:00,7.52
5/19/2022,14:00:00,7.55
5/19/2022,16:00:00,8.51
5/19/2022,18:00:00,8.73
5/19/2022,20:00:00,8.3
5/19/2022,22:00:00,7.68
5/20/2022,0:00:00,7.33
5/20/2022,2:00:00,7.92
5/20/2022,4:00:00,8.04
5/20/2022,6:00:00,7.97
5/20/2022,8:00:00,7.89
5/20/2022,10:00:00,7.62
5/20/2022,12:00:00,7.4
5/20/2022,14:00:00,7.61
5/20/2022,16:00:00,8.64
5/20/2022,18:00:00,8.91
5/20/2022,20:00:00,9.71
5/20/2022,22:00:00,9.32
5/21/2022,0:00:00,8.68
5/21/2022,2:00:00,8.27
5/21/2022,4:00:00,7.86
5/21/2022,6:00:00,7.57
5/21/2022,8:00:00,8.36
5/21/2022,10:00:00,8.61
5/21/2022,12:00:00,8.61
5/21/2022,14:00:00,8.46
5/21/2022,16:00:00,8.25
5/21/2022,18:00:00,9.61
5/21/2022,20:00:00,9.54
5/21/2022,22:00:00,9.2
5/22/2022,0:00:00,9.23
5/22/2022,2:00:00,9.08
5/22/2022,4:00:00,8.89
5/22/2022,6:00:00,8.64
5/22/2022,8:00:00,8.81
5/22/2022,10:00:00,7.91
5/22/2022,12:00:00,8.64
5/22/2022,14:00:00,8.94
5/22/2022,16:00:00,9.63
5/22/2022,18:00:00,9.35
5/22/2022,20:00:00,10.05
5/22/2022,22:00:00,9.87
5/23/2022,0:00:00,9.3
5/23/2022,2:00:00,9.02
5/23/2022,4:00:00,9.45
5/23/2022,6:00:00,9.34
5/23/2022,8:00:00,9.2
5/23/2022,10:00:00,9.03
5/23/2022,12:00:00,8.94
5/23/2022,14:00:00,8.82
5/23/2022,16:00:00,8.88
5/23/2022,18:00:00,8.99
5/23/2022,20:00:00,9.42
5/23/2022,22:00:00,9.46
5/24/2022,0:00:00,9.18
5/24/2022,2:00:00,8.97
5/24/2022,4:00:00,8.83
5/24/2022,6:00:00,8.74
5/24/2022,8:00:00,8.72
5/24/2022,10:00:00,8.75
5/24/2022,12:00:00,8.84
5/24/2022,14:00:00,9.11
5/24/2022,16:00:00,9.02
5/24/2022,18:00:00,8.98
5/24/2022,20:00:00,9.58
5/24/2022,22:00:00,9.81
5/25/2022,0:00:00,9.82
5/25/2022,2:00:00,9.2
5/25/2022,4:00:00,9.14
5/25/2022,6:00:00,9.06
5/25/2022,8:00:00,9.08
5/25/2022,10:00:00,9.16
5/25/2022,12:00:00,9.19
5/25/2022,14:00:00,9.2
5/25/2022,16:00:00,9.18
5/25/2022,18:00:00,9.34
5/25/2022,20:00:00,10.58
5/25/2022,22:00:00,9.93
5/26/2022,0:00:00,10.06
5/26/2022,2:00:00,9.98
5/26/2022,4:00:00,9.72
5/26/2022,6:00:00,9.26
5/26/2022,8:00:00,9.35
5/26/2022,10:00:00,9.37
5/26/2022,12:00:00,9.43
5/26/2022,14:00:00,9.52
5/26/2022,16:00:00,9.31
5/26/2022,18:00:00,9.16
5/26/2022,20:00:00,9.21
5/26/2022,22:00:00,9.85
5/27/2022,0:00:00,9.85
5/27/2022,2:00:00,10.17
5/27/2022,4:00:00,10.04
5/27/2022,6:00:00,9.92
5/27/2022,8:00:00,9.57
5/27/2022,10:00:00,9.17
5/27/2022,12:00:00,9.09
5/27/2022,14:00:00,9.26
5/27/2022,16:00:00,9.3
5/27/2022,18:00:00,9.39
5/27/2022,20:00:00,9.32
5/27/2022,22:00:00,9.6
5/28/2022,0:00:00,9.53
5/28/2022,2:00:00,9.53
5/28/2022,4:00:00,9.4
5/28/2022,6:00:00,9.14
5/28/2022,8:00:00,9
5/28/2022,10:00:00,8.2
5/28/2022,12:00:00,8.21
5/28/2022,14:00:00,9.28
5/28/2022,16:00:00,9.04
5/28/2022,18:00:00,9.1
5/28/2022,20:00:00,8.44
5/28/2022,22:00:00,8.01
5/29/2022,0:00:00,9.19
5/29/2022,2:00:00,9.34
5/29/2022,4:00:00,9.27
5/29/2022,6:00:00,9.3
5/29/2022,8:00:00,9.53
5/29/2022,10:00:00,9.64
5/29/2022,12:00:00,9.67
5/29/2022,14:00:00,10.34
5/29/2022,16:00:00,11.15
5/29/2022,18:00:00,10.92
5/29/2022,20:00:00,10.32
5/29/2022,22:00:00,9.53
5/30/2022,0:00:00,10.4
5/30/2022,2:00:00,10.51
5/30/2022,4:00:00,10.34
5/30/2022,6:00:00,10.39
5/30/2022,8:00:00,10.27
5/30/2022,10:00:00,10.59
5/30/2022,12:00:00,10.19
5/30/2022,14:00:00,10.65
5/30/2022,16:00:00,11.1
5/30/2022,18:00:00,11.04
5/30/2022,20:00:00,10.23
5/30/2022,22:00:00,10.31
5/31/2022,0:00:00,10.35
5/31/2022,2:00:00,10.48
5/31/2022,4:00:00,10.19
5/31/2022,6:00:00,9.77
5/31/2022,8:00:00,10.04
5/31/2022,10:00:00,10.14
5/31/2022,12:00:00,10.5
5/31/2022,14:00:00,11.16
5/31/2022,16:00:00,11.55
5/31/2022,18:00:00,11.19
5/31/2022,20:00:00,10.32
5/31/2022,22:00:00,10.36
6/1/2022,0:00:00,10.29
6/1/2022,2:00:00,10.31
6/1/2022,4:00:00,10.19
6/1/2022,6:00:00,10.15
6/1/2022,8:00:00,9.94
6/1/2022,10:00:00,9.83
6/1/2022,12:00:00,9.91
6/1/2022,14:00:00,10.22
6/1/2022,16:00:00,10.3
6/1/2022,18:00:00,10.83
6/1/2022,20:00:00,10.81
6/1/2022,22:00:00,10.61
6/2/2022,0:00:00,10.54
6/2/2022,2:00:00,10.48
6/2/2022,4:00:00,10.47
6/2/2022,6:00:00,10.31
6/2/2022,8:00:00,10.05
6/2/2022,10:00:00,10.01
6/2/2022,12:00:00,10.27
6/2/2022,14:00:00,10.59
6/2/2022,16:00:00,10.75
6/2/2022,18:00:00,10.7
6/2/2022,20:00:00,10.73
6/2/2022,22:00:00,10.39
6/3/2022,0:00:00,10.46
6/3/2022,2:00:00,10.61
6/3/2022,4:00:00,10.72
6/3/2022,6:00:00,10.63
6/3/2022,8:00:00,10.65
6/3/2022,10:00:00,10.64
6/3/2022,12:00:00,10.65
6/3/2022,14:00:00,11.57
6/3/2022,16:00:00,11.84
6/3/2022,18:00:00,11.71
6/3/2022,20:00:00,11.55
6/3/2022,22:00:00,11.23
6/4/2022,0:00:00,11.15
6/4/2022,2:00:00,11.01
6/4/2022,4:00:00,10.59
6/4/2022,6:00:00,10.3
6/4/2022,8:00:00,10.23
6/4/2022,10:00:00,10.44
6/4/2022,12:00:00,10.84
6/4/2022,14:00:00,10.56
6/4/2022,16:00:00,10.9
6/4/2022,18:00:00,11.08
6/4/2022,20:00:00,11.27
6/4/2022,22:00:00,11.2
6/5/2022,0:00:00,11.03
6/5/2022,2:00:00,10.69
6/5/2022,4:00:00,10.37
6/5/2022,6:00:00,10.12
6/5/2022,8:00:00,9.63
6/5/2022,10:00:00,9.74
6/5/2022,12:00:00,9.7
6/5/2022,14:00:00,9.74
6/5/2022,16:00:00,9.71
6/5/2022,18:00:00,10.28
6/5/2022,20:00:00,10.09
6/5/2022,22:00:00,10.14
6/6/2022,0:00:00,10.19
6/6/2022,2:00:00,9.47
6/6/2022,4:00:00,9.46
6/6/2022,6:00:00,9.35
6/6/2022,8:00:00,9.28
6/6/2022,10:00:00,9.31
6/6/2022,12:00:00,9.66
6/6/2022,14:00:00,9.71
6/6/2022,16:00:00,9.95
6/6/2022,18:00:00,9.87
6/6/2022,20:00:00,11.19
6/6/2022,22:00:00,10
6/7/2022,0:00:00,9.49
6/7/2022,2:00:00,9.67
6/7/2022,4:00:00,9.42
6/7/2022,6:00:00,9.16
6/7/2022,8:00:00,9.72
6/7/2022,10:00:00,10.43
6/7/2022,12:00:00,10.78
6/7/2022,14:00:00,11.51
6/7/2022,16:00:00,11.84
6/7/2022,18:00:00,11.76
6/7/2022,20:00:00,10.97
6/7/2022,22:00:00,11.5
6/8/2022,0:00:00,11.14
6/8/2022,2:00:00,10.83
6/8/2022,4:00:00,10.61
6/8/2022,6:00:00,10.51
6/8/2022,8:00:00,10.77
6/8/2022,10:00:00,10.77
6/8/2022,12:00:00,10.96
6/8/2022,14:00:00,11.26
6/8/2022,16:00:00,10.98
6/8/2022,18:00:00,10.72
6/8/2022,20:00:00,11.39
6/8/2022,22:00:00,11.65
6/9/2022,0:00:00,11.75
6/9/2022,2:00:00,10.79
6/9/2022,4:00:00,10.17
6/9/2022,6:00:00,9.66
6/9/2022,8:00:00,9.48
6/9/2022,10:00:00,10.11
6/9/2022,12:00:00,10.8
6/9/2022,14:00:00,11.36
6/9/2022,16:00:00,11.82
6/9/2022,18:00:00,11.52
6/9/2022,20:00:00,11.28
6/9/2022,22:00:00,10.87
6/10/2022,0:00:00,10.25
6/10/2022,2:00:00,10.17
6/10/2022,4:00:00,9.95
6/10/2022,6:00:00,9.61
6/10/2022,8:00:00,9.05
6/10/2022,10:00:00,8.77
6/10/2022,12:00:00,8.91
6/10/2022,14:00:00,9.63
6/10/2022,16:00:00,9.49
6/10/2022,18:00:00,9.6
6/10/2022,20:00:00,10.17
6/10/2022,22:00:00,10.1
6/11/2022,0:00:00,9.99
6/11/2022,2:00:00,9.98
6/11/2022,4:00:00,9.99
6/11/2022,6:00:00,9.65
6/11/2022,8:00:00,9.83
6/11/2022,10:00:00,10.45
6/11/2022,12:00:00,11.25
6/11/2022,14:00:00,11.15
6/11/2022,16:00:00,10.12
6/11/2022,18:00:00,11.79
6/11/2022,20:00:00,12
6/11/2022,22:00:00,11.32
6/12/2022,0:00:00,11.36
6/12/2022,2:00:00,11.56
6/12/2022,4:00:00,11.84
6/12/2022,6:00:00,11.88
6/12/2022,8:00:00,11.92
6/12/2022,10:00:00,11.89
6/12/2022,12:00:00,11.87
6/12/2022,14:00:00,12.2
6/12/2022,16:00:00,11.66
6/12/2022,18:00:00,11.43
6/12/2022,20:00:00,11.83
6/12/2022,22:00:00,11.18
6/13/2022,0:00:00,11.8
6/13/2022,2:00:00,11.78
6/13/2022,4:00:00,10.97
6/13/2022,6:00:00,10.44
6/13/2022,8:00:00,11.26
6/13/2022,10:00:00,12.58
6/13/2022,12:00:00,12.6
6/13/2022,14:00:00,13.12
6/13/2022,16:00:00,12.97
6/13/2022,18:00:00,12.78
6/13/2022,20:00:00,11.58
6/13/2022,22:00:00,11.3
6/14/2022,0:00:00,11.3
6/14/2022,2:00:00,11.19
6/14/2022,4:00:00,10.88
6/14/2022,6:00:00,11.29
6/14/2022,8:00:00,12.74
6/14/2022,10:00:00,12.28
6/14/2022,12:00:00,12.07
6/14/2022,14:00:00,12.09
6/14/2022,16:00:00,12.33
6/14/2022,18:00:00,12.03
6/14/2022,20:00:00,11.65
6/14/2022,22:00:00,11.63
6/15/2022,0:00:00,11.79
6/15/2022,2:00:00,11.77
6/15/2022,4:00:00,11.75
6/15/2022,6:00:00,11.75
6/15/2022,8:00:00,11.71
6/15/2022,10:00:00,11.63
6/15/2022,12:00:00,12.31
6/15/2022,14:00:00,12.72
6/15/2022,16:00:00,13.14
6/15/2022,18:00:00,13.01
6/15/2022,20:00:00,12.16
6/15/2022,22:00:00,12.06
6/16/2022,0:00:00,11.97
6/16/2022,2:00:00,12.48
6/16/2022,4:00:00,12.53
6/16/2022,6:00:00,12.66
6/16/2022,8:00:00,12.22
6/16/2022,10:00:00,12.5
6/16/2022,12:00:00,12.81
6/16/2022,14:00:00,13.43
6/16/2022,16:00:00,14.19
6/16/2022,18:00:00,14.76
6/16/2022,20:00:00,14.35
6/16/2022,22:00:00,13.27
6/17/2022,0:00:00,13.48
6/17/2022,2:00:00,13.83
6/17/2022,4:00:00,13.47
6/17/2022,6:00:00,13.39
6/17/2022,8:00:00,13.23
6/17/2022,10:00:00,13.07
6/17/2022,12:00:00,13.18
6/17/2022,14:00:00,12.85
6/17/2022,16:00:00,12.36
6/17/2022,18:00:00,13.63
6/17/2022,20:00:00,12.84
6/17/2022,22:00:00,12.4
6/18/2022,0:00:00,12.77
6/18/2022,2:00:00,13
6/18/2022,4:00:00,13.11
6/18/2022,6:00:00,13.12
6/18/2022,8:00:00,13.08
6/18/2022,10:00:00,12.82
6/18/2022,12:00:00,12.85
6/18/2022,14:00:00,12.98
6/18/2022,16:00:00,12.91
6/18/2022,18:00:00,13.48
6/18/2022,20:00:00,14.23
6/18/2022,22:00:00,13.45
6/19/2022,0:00:00,12.75
6/19/2022,2:00:00,12.4
6/19/2022,4:00:00,12.78
6/19/2022,6:00:00,13.06
6/19/2022,8:00:00,13.33
6/19/2022,10:00:00,13.35
6/19/2022,12:00:00,13.46
6/19/2022,14:00:00,13.43
6/19/2022,16:00:00,13.57
6/19/2022,18:00:00,14.05
6/19/2022,20:00:00,13.28
6/19/2022,22:00:00,14.15
6/20/2022,0:00:00,14.25
6/20/2022,2:00:00,14.45
6/20/2022,4:00:00,14.25
6/20/2022,6:00:00,14.3
6/20/2022,8:00:00,14.11
6/20/2022,10:00:00,14.2
6/20/2022,12:00:00,12.88
6/20/2022,14:00:00,12.69
6/20/2022,16:00:00,14.04
6/20/2022,18:00:00,14.11
6/20/2022,20:00:00,14.01
6/20/2022,22:00:00,14.01
6/21/2022,0:00:00,13.91
6/21/2022,2:00:00,13.84
6/21/2022,4:00:00,13.84
6/21/2022,6:00:00,13.76
6/21/2022,8:00:00,13.74
6/21/2022,10:00:00,13.92
6/21/2022,12:00:00,13.79
6/21/2022,14:00:00,13.92
6/21/2022,16:00:00,14.05
6/21/2022,18:00:00,14.2
6/21/2022,20:00:00,14.65
6/21/2022,22:00:00,14.58
6/22/2022,0:00:00,14.51
6/22/2022,2:00:00,14.29
6/22/2022,4:00:00,14.34
6/22/2022,6:00:00,14.33
6/22/2022,8:00:00,14.37
6/22/2022,10:00:00,14.27
6/22/2022,12:00:00,14.18
6/22/2022,14:00:00,14.17
6/22/2022,16:00:00,14.55
6/22/2022,18:00:00,14.69
6/22/2022,20:00:00,14.93
6/22/2022,22:00:00,14.69
6/23/2022,0:00:00,14.68
6/23/2022,2:00:00,14.61
6/23/2022,4:00:00,14.49
6/23/2022,6:00:00,14.48
6/23/2022,8:00:00,14.46
6/23/2022,10:00:00,14.48
6/23/2022,12:00:00,14.46
6/23/2022,14:00:00,14.48
6/23/2022,16:00:00,14.63
6/23/2022,18:00:00,14.51
6/23/2022,20:00:00,14.75
6/23/2022,22:00:00,14.3
6/24/2022,0:00:00,14.4
6/24/2022,2:00:00,14.17
6/24/2022,4:00:00,13.67
6/24/2022,6:00:00,13.81
6/24/2022,8:00:00,14.57
6/24/2022,10:00:00,14.88
6/24/2022,12:00:00,14.87
6/24/2022,14:00:00,14.99
6/24/2022,16:00:00,14.43
6/24/2022,18:00:00,14.35
6/24/2022,20:00:00,14.18
6/24/2022,22:00:00,14.3
6/25/2022,0:00:00,15.09
6/25/2022,2:00:00,14.77
6/25/2022,4:00:00,14.44
6/25/2022,6:00:00,14.33
6/25/2022,8:00:00,14.22
6/25/2022,10:00:00,14.82
6/25/2022,12:00:00,15.28
6/25/2022,14:00:00,15.27
6/25/2022,16:00:00,15.28
6/25/2022,18:00:00,14.75
6/25/2022,20:00:00,14.69
6/25/2022,22:00:00,14.69
6/26/2022,0:00:00,15.08
6/26/2022,2:00:00,14.66
6/26/2022,4:00:00,14.55
6/26/2022,6:00:00,15.66
6/26/2022,8:00:00,16.02
6/26/2022,10:00:00,16.08
6/26/2022,12:00:00,16
6/26/2022,14:00:00,16.55
6/26/2022,16:00:00,16.39
6/26/2022,18:00:00,16.28
6/26/2022,20:00:00,16.07
6/26/2022,22:00:00,15.95
6/27/2022,0:00:00,15.6
6/27/2022,2:00:00,15.07
6/27/2022,4:00:00,15.22
6/27/2022,6:00:00,15.11
6/27/2022,8:00:00,14.88
6/27/2022,10:00:00,14.52
6/27/2022,12:00:00,13.95
6/27/2022,14:00:00,14.65
6/27/2022,16:00:00,14.89
6/27/2022,18:00:00,14.83
6/27/2022,20:00:00,14.7
6/27/2022,22:00:00,15.28
6/28/2022,0:00:00,15.3
6/28/2022,2:00:00,15.19
6/28/2022,4:00:00,15.52
6/28/2022,6:00:00,15.49
6/28/2022,8:00:00,15.47
6/28/2022,10:00:00,15.73
6/28/2022,12:00:00,15.68
6/28/2022,14:00:00,15.78
6/28/2022,16:00:00,15.92
6/28/2022,18:00:00,15.63
6/28/2022,20:00:00,15.64
6/28/2022,22:00:00,14.92
6/29/2022,0:00:00,15.85
6/29/2022,2:00:00,16.54
6/29/2022,4:00:00,16.67
6/29/2022,6:00:00,16.75
6/29/2022,8:00:00,16.16
6/29/2022,10:00:00,16.01
6/29/2022,12:00:00,15.66
6/29/2022,14:00:00,16.64
6/29/2022,16:00:00,15.95
6/29/2022,18:00:00,17.43
6/29/2022,20:00:00,15.78
6/29/2022,22:00:00,14.79
6/30/2022,0:00:00,14.45
6/30/2022,2:00:00,15.82
6/30/2022,4:00:00,16.49
6/30/2022,6:00:00,16.3
6/30/2022,8:00:00,16.37
6/30/2022,10:00:00,16.51
6/30/2022,12:00:00,16.74
6/30/2022,14:00:00,16.35
6/30/2022,16:00:00,17.28
6/30/2022,18:00:00,16.86
6/30/2022,20:00:00,15.79
6/30/2022,22:00:00,16.41
7/1/2022,0:00:00,15.99
7/1/2022,2:00:00,16.19
7/1/2022,4:00:00,16.12
7/1/2022,6:00:00,14.66
7/1/2022,8:00:00,15.34
7/1/2022,10:00:00,16.32
7/1/2022,12:00:00,17.4
7/1/2022,14:00:00,16.74
7/1/2022,16:00:00,17.66
7/1/2022,18:00:00,17.1
7/1/2022,20:00:00,16.16
7/1/2022,22:00:00,16.25
7/2/2022,0:00:00,16.25
7/2/2022,2:00:00,16.19
7/2/2022,4:00:00,16.23
7/2/2022,6:00:00,15.68
7/2/2022,8:00:00,15.88
7/2/2022,10:00:00,15.88
7/2/2022,12:00:00,15.95
7/2/2022,14:00:00,16.29
7/2/2022,16:00:00,16.25
7/2/2022,18:00:00,16.8
7/2/2022,20:00:00,17.03
7/2/2022,22:00:00,16.65
7/3/2022,0:00:00,16.44
7/3/2022,2:00:00,16.35
7/3/2022,4:00:00,16.32
7/3/2022,6:00:00,16.06
7/3/2022,8:00:00,16.12
7/3/2022,10:00:00,16.09
7/3/2022,12:00:00,16.98
7/3/2022,14:00:00,16.87
7/3/2022,16:00:00,16.93
7/3/2022,18:00:00,17.59
7/3/2022,20:00:00,17.57
7/3/2022,22:00:00,16.28
7/4/2022,0:00:00,15.81
7/4/2022,2:00:00,16.14
7/4/2022,4:00:00,17.1
7/4/2022,6:00:00,16.94
7/4/2022,8:00:00,17.26
7/4/2022,10:00:00,17.19
7/4/2022,12:00:00,17.48
7/4/2022,14:00:00,17.54
7/4/2022,16:00:00,17.43
7/4/2022,18:00:00,17.59
7/4/2022,20:00:00,17.5
7/4/2022,22:00:00,17.31
7/5/2022,0:00:00,17.11
7/5/2022,2:00:00,17.07
7/5/2022,4:00:00,17.11
7/5/2022,6:00:00,17.26
7/5/2022,8:00:00,16.95
7/5/2022,10:00:00,17.17
7/5/2022,12:00:00,17.24
7/5/2022,14:00:00,17.29
7/5/2022,16:00:00,17.35
7/5/2022,18:00:00,17.76
7/5/2022,20:00:00,17.88
7/5/2022,22:00:00,17.62
7/6/2022,0:00:00,17.3
7/6/2022,2:00:00,17.3
7/6/2022,4:00:00,17.21
7/6/2022,6:00:00,17.2
7/6/2022,8:00:00,17.2
7/6/2022,10:00:00,17.26
7/6/2022,12:00:00,17.23
7/6/2022,14:00:00,17.15
7/6/2022,16:00:00,17.16
7/6/2022,18:00:00,17.47
7/6/2022,20:00:00,17.14
7/6/2022,22:00:00,15.96
7/7/2022,0:00:00,15.84
7/7/2022,2:00:00,15.91
7/7/2022,4:00:00,16.1
7/7/2022,6:00:00,16.19
7/7/2022,8:00:00,16.19
7/7/2022,10:00:00,15.97
7/7/2022,12:00:00,15.72
7/7/2022,14:00:00,16.03
7/7/2022,16:00:00,16.23
7/7/2022,18:00:00,16.67
7/7/2022,20:00:00,16.61
7/7/2022,22:00:00,16.41
7/8/2022,0:00:00,16.38
7/8/2022,2:00:00,16.54
7/8/2022,4:00:00,16.33
7/8/2022,6:00:00,16.35
7/8/2022,8:00:00,16.22
7/8/2022,10:00:00,16.39
7/8/2022,12:00:00,16.51
7/8/2022,14:00:00,16.44
7/8/2022,16:00:00,16.67
7/8/2022,18:00:00,16.48
7/8/2022,20:00:00,16.36
7/8/2022,22:00:00,16.26
7/9/2022,0:00:00,16.22
7/9/2022,2:00:00,16.2
7/9/2022,4:00:00,16.16
7/9/2022,6:00:00,16.13
7/9/2022,8:00:00,16.12
7/9/2022,10:00:00,16.19
7/9/2022,12:00:00,16.36
7/9/2022,14:00:00,16.35
7/9/2022,16:00:00,16.39
7/9/2022,18:00:00,16.37
7/9/2022,20:00:00,16.47
7/9/2022,22:00:00,16.53
7/10/2022,0:00:00,16.54
7/10/2022,2:00:00,16.3
7/10/2022,4:00:00,15.97
7/10/2022,6:00:00,15.87
7/10/2022,8:00:00,16.03
7/10/2022,10:00:00,16.35
7/10/2022,12:00:00,16.49
7/10/2022,14:00:00,16.23
7/10/2022,16:00:00,16.2
7/10/2022,18:00:00,16.55
7/10/2022,20:00:00,16.39
7/10/2022,22:00:00,16.64
7/11/2022,0:00:00,16.68
7/11/2022,2:00:00,16.44
7/11/2022,4:00:00,16.28
7/11/2022,6:00:00,16.23
7/11/2022,8:00:00,16.3
7/11/2022,10:00:00,16.61
7/11/2022,12:00:00,17.54
7/11/2022,14:00:00,17.26
7/11/2022,16:00:00,17.16
7/11/2022,18:00:00,16.93
7/11/2022,20:00:00,16.71
7/11/2022,22:00:00,16.63
7/12/2022,0:00:00,16.58
7/12/2022,2:00:00,16.43
7/12/2022,4:00:00,16.23
7/12/2022,6:00:00,16.16
7/12/2022,8:00:00,16.15
7/12/2022,10:00:00,16.64
7/12/2022,12:00:00,17.66
7/12/2022,14:00:00,18.21
7/12/2022,16:00:00,18.07
7/12/2022,18:00:00,17.43
7/12/2022,20:00:00,17.6
7/12/2022,22:00:00,16.68
7/13/2022,0:00:00,15.3
7/13/2022,2:00:00,14.49
7/13/2022,4:00:00,14.19
7/13/2022,6:00:00,15.27
7/13/2022,8:00:00,16.21
7/13/2022,10:00:00,15.86
7/13/2022,12:00:00,15.9
7/13/2022,14:00:00,16.21
7/13/2022,16:00:00,16.63
7/13/2022,18:00:00,16.96
7/13/2022,20:00:00,16.64
7/13/2022,22:00:00,16.39
7/14/2022,0:00:00,17.46
7/14/2022,2:00:00,17.28
7/14/2022,4:00:00,16.92
7/14/2022,6:00:00,16.44
7/14/2022,8:00:00,16.34
7/14/2022,10:00:00,16.33
7/14/2022,12:00:00,16.19
7/14/2022,14:00:00,17.48
7/14/2022,16:00:00,17.77
7/14/2022,18:00:00,16.47
7/14/2022,20:00:00,17.51
7/14/2022,22:00:00,16.79
7/15/2022,0:00:00,16.98
7/15/2022,2:00:00,17.03
7/15/2022,4:00:00,16.57
7/15/2022,6:00:00,16.55
7/15/2022,8:00:00,16.49
7/15/2022,10:00:00,16.5
7/15/2022,12:00:00,16.53
7/15/2022,14:00:00,16.91
7/15/2022,16:00:00,16.5
7/15/2022,18:00:00,17.77
7/15/2022,20:00:00,17.08
7/15/2022,22:00:00,16.45
7/16/2022,0:00:00,16.52
7/16/2022,2:00:00,16.19
7/16/2022,4:00:00,16.64
7/16/2022,6:00:00,16.84
7/16/2022,8:00:00,17.13
7/16/2022,10:00:00,16.89
7/16/2022,12:00:00,16.89
7/16/2022,14:00:00,17.09
7/16/2022,16:00:00,18.16
7/16/2022,18:00:00,16.99
7/16/2022,20:00:00,18
7/16/2022,22:00:00,17.23
7/17/2022,0:00:00,16.78
7/17/2022,2:00:00,16.78
7/17/2022,4:00:00,17.04
7/17/2022,6:00:00,17.03
7/17/2022,8:00:00,17.08
7/17/2022,10:00:00,16.92
7/17/2022,12:00:00,16.81
7/17/2022,14:00:00,17.6
7/17/2022,16:00:00,17.64
7/17/2022,18:00:00,17.52
7/17/2022,20:00:00,18.05
7/17/2022,22:00:00,17.42
7/18/2022,0:00:00,17.44
7/18/2022,2:00:00,17.29
7/18/2022,4:00:00,17.48
7/18/2022,6:00:00,17.49
7/18/2022,8:00:00,17.69
7/18/2022,10:00:00,17.35
7/18/2022,12:00:00,17.82
7/18/2022,14:00:00,17.97
7/18/2022,16:00:00,17.95
7/18/2022,18:00:00,17.71
7/18/2022,20:00:00,17.45
7/18/2022,22:00:00,17.52
7/19/2022,0:00:00,17.44
7/19/2022,2:00:00,17.48
7/19/2022,4:00:00,17.41
7/19/2022,6:00:00,17.37
7/19/2022,8:00:00,17.34
7/19/2022,10:00:00,17.4
7/19/2022,12:00:00,17.44
7/19/2022,14:00:00,16.69
7/19/2022,16:00:00,16.25
7/19/2022,18:00:00,16.38
7/19/2022,20:00:00,16.69
7/19/2022,22:00:00,16.53
7/20/2022,0:00:00,17.05
7/20/2022,2:00:00,17.36
7/20/2022,4:00:00,17.52
7/20/2022,6:00:00,17.47
7/20/2022,8:00:00,17.48
7/20/2022,10:00:00,17.39
7/20/2022,12:00:00,17.47
7/20/2022,14:00:00,17.76
7/20/2022,16:00:00,17.92
7/20/2022,18:00:00,18.04
7/20/2022,20:00:00,18.11
7/20/2022,22:00:00,18.15
7/21/2022,0:00:00,18
7/21/2022,2:00:00,18.02
7/21/2022,4:00:00,17.92
7/21/2022,6:00:00,17.94
7/21/2022,8:00:00,17.94
7/21/2022,10:00:00,18
7/21/2022,12:00:00,18.06
7/21/2022,14:00:00,18.13
7/21/2022,16:00:00,18.24
7/21/2022,18:00:00,18.22
7/21/2022,20:00:00,18.3
7/21/2022,22:00:00,18.05
7/22/2022,0:00:00,18.33
7/22/2022,2:00:00,18.4
7/22/2022,4:00:00,18.22
7/22/2022,6:00:00,18.32
7/22/2022,8:00:00,18.24
7/22/2022,10:00:00,18.34
7/22/2022,12:00:00,18.09
7/22/2022,14:00:00,18.1
7/22/2022,16:00:00,18.34
7/22/2022,18:00:00,18.48
7/22/2022,20:00:00,18.51
7/22/2022,22:00:00,18.61
7/23/2022,0:00:00,18.47
7/23/2022,2:00:00,18.46
7/23/2022,4:00:00,18.43
7/23/2022,6:00:00,18.34
7/23/2022,8:00:00,18.63
7/23/2022,10:00:00,18.58
7/23/2022,12:00:00,19.09
7/23/2022,14:00:00,19.02
7/23/2022,16:00:00,19.03
7/23/2022,18:00:00,19.28
7/23/2022,20:00:00,19.18
7/23/2022,22:00:00,19.56
7/24/2022,0:00:00,18.59
7/24/2022,2:00:00,18.27
7/24/2022,4:00:00,18.17
7/24/2022,6:00:00,18.98
7/24/2022,8:00:00,18.99
7/24/2022,10:00:00,19.06
7/24/2022,12:00:00,19.69
7/24/2022,14:00:00,20.28
7/24/2022,16:00:00,20.24
7/24/2022,18:00:00,19.72
7/24/2022,20:00:00,20.53
7/24/2022,22:00:00,20.19
7/25/2022,0:00:00,19.07
7/25/2022,2:00:00,19.25
7/25/2022,4:00:00,19.33
7/25/2022,6:00:00,19.06
7/25/2022,8:00:00,19.2
7/25/2022,10:00:00,18.48
7/25/2022,12:00:00,18.78
7/25/2022,14:00:00,19.37
7/25/2022,16:00:00,19.19
7/25/2022,18:00:00,19.02
7/25/2022,20:00:00,19.06
7/25/2022,22:00:00,19.15
7/26/2022,0:00:00,18.91
7/26/2022,2:00:00,18.88
7/26/2022,4:00:00,18.82
7/26/2022,6:00:00,18.97
7/26/2022,8:00:00,18.96
7/26/2022,10:00:00,18.75
7/26/2022,12:00:00,19.03
7/26/2022,14:00:00,19.59
7/26/2022,16:00:00,19.83
7/26/2022,18:00:00,20.11
7/26/2022,20:00:00,19.04
7/26/2022,22:00:00,19.01
7/27/2022,0:00:00,19.04
7/27/2022,2:00:00,18.99
7/27/2022,4:00:00,18.87
7/27/2022,6:00:00,18.62
7/27/2022,8:00:00,19.32
7/27/2022,10:00:00,19.21
7/27/2022,12:00:00,18.88
7/27/2022,14:00:00,19.54
7/27/2022,16:00:00,19.92
7/27/2022,18:00:00,20.11
7/27/2022,20:00:00,20.22
7/27/2022,22:00:00,20.26
7/28/2022,0:00:00,19.88
7/28/2022,2:00:00,19.2
7/28/2022,4:00:00,19.87
7/28/2022,6:00:00,19.8
7/28/2022,8:00:00,19.79
7/28/2022,10:00:00,19.76
7/28/2022,12:00:00,19.68
7/28/2022,14:00:00,19.71
7/28/2022,16:00:00,20.4
7/28/2022,18:00:00,19.88
7/28/2022,20:00:00,19.7
7/28/2022,22:00:00,19.01
7/29/2022,0:00:00,19.64
7/29/2022,2:00:00,19.52
7/29/2022,4:00:00,20.5
7/29/2022,6:00:00,20.3
7/29/2022,8:00:00,20.16
7/29/2022,10:00:00,19.89
7/29/2022,12:00:00,19.49
7/29/2022,14:00:00,18.68
7/29/2022,16:00:00,20.14
7/29/2022,18:00:00,19.15
7/29/2022,20:00:00,19.49
7/29/2022,22:00:00,19.58
7/30/2022,0:00:00,19.44
7/30/2022,2:00:00,18.74
7/30/2022,4:00:00,18.65
7/30/2022,6:00:00,18.92
7/30/2022,8:00:00,19.1
7/30/2022,10:00:00,19.1
7/30/2022,12:00:00,18.76
7/30/2022,14:00:00,19.22
7/30/2022,16:00:00,19.96
7/30/2022,18:00:00,19.69
7/30/2022,20:00:00,19.24
7/30/2022,22:00:00,19.41
7/31/2022,0:00:00,19.41
7/31/2022,2:00:00,19.28
7/31/2022,4:00:00,19.36
7/31/2022,6:00:00,19.46
7/31/2022,8:00:00,19.41
7/31/2022,10:00:00,19.55
7/31/2022,12:00:00,19.76
7/31/2022,14:00:00,19.6
7/31/2022,16:00:00,19.56
7/31/2022,18:00:00,19.76
7/31/2022,20:00:00,19.97
7/31/2022,22:00:00,19.6
8/1/2022,0:00:00,20.02
8/1/2022,2:00:00,20
8/1/2022,4:00:00,19.88
8/1/2022,6:00:00,20.14
8/1/2022,8:00:00,20.09
8/1/2022,10:00:00,19.94
8/1/2022,12:00:00,20.27
8/1/2022,14:00:00,20.59
8/1/2022,16:00:00,20.44
8/1/2022,18:00:00,20.35
8/1/2022,20:00:00,20.58
8/1/2022,22:00:00,20.41
8/2/2022,0:00:00,20.47
8/2/2022,2:00:00,20.42
8/2/2022,4:00:00,20.29
8/2/2022,6:00:00,20.11
8/2/2022,8:00:00,20.24
8/2/2022,10:00:00,20.51
8/2/2022,12:00:00,20.6
8/2/2022,14:00:00,20.46
8/2/2022,16:00:00,20.51
8/2/2022,18:00:00,20.48
8/2/2022,20:00:00,20.54
8/2/2022,22:00:00,20.58
8/3/2022,0:00:00,20.58
8/3/2022,2:00:00,20.45
8/3/2022,4:00:00,20.39
8/3/2022,6:00:00,20.36
8/3/2022,8:00:00,20.39
8/3/2022,10:00:00,20.42
8/3/2022,12:00:00,20.46
8/3/2022,14:00:00,20.58
8/3/2022,16:00:00,20.64
8/3/2022,18:00:00,20.81
8/3/2022,20:00:00,20.5
8/3/2022,22:00:00,20.36
8/4/2022,0:00:00,20.73
8/4/2022,2:00:00,20.56
8/4/2022,4:00:00,20.61
8/4/2022,6:00:00,20.42
8/4/2022,8:00:00,20.45
8/4/2022,10:00:00,20.51
8/4/2022,12:00:00,20.6
8/4/2022,14:00:00,20.75
8/4/2022,16:00:00,20.86
8/4/2022,18:00:00,20.71
8/4/2022,20:00:00,20.68
8/4/2022,22:00:00,20.69
8/5/2022,0:00:00,20.75
8/5/2022,2:00:00,20.76
8/5/2022,4:00:00,20.76
8/5/2022,6:00:00,20.65
8/5/2022,8:00:00,20.58
8/5/2022,10:00:00,20.51
8/5/2022,12:00:00,20.8
8/5/2022,14:00:00,20.81
8/5/2022,16:00:00,20.82
8/5/2022,18:00:00,20.95
8/5/2022,20:00:00,21.06
8/5/2022,22:00:00,21.15
8/6/2022,0:00:00,21.09
8/6/2022,2:00:00,21.09
8/6/2022,4:00:00,20.95
8/6/2022,6:00:00,20.85
8/6/2022,8:00:00,20.52
8/6/2022,10:00:00,20.3
8/6/2022,12:00:00,20.57
8/6/2022,14:00:00,20.37
8/6/2022,16:00:00,20.32
8/6/2022,18:00:00,20.97
8/6/2022,20:00:00,21.05
8/6/2022,22:00:00,21.15
8/7/2022,0:00:00,21.28
8/7/2022,2:00:00,21.14
8/7/2022,4:00:00,21.06
8/7/2022,6:00:00,20.99
8/7/2022,8:00:00,20.73
8/7/2022,10:00:00,20.51
8/7/2022,12:00:00,21.17
8/7/2022,14:00:00,21.39
8/7/2022,16:00:00,21.42
8/7/2022,18:00:00,21.52
8/7/2022,20:00:00,21.56
8/7/2022,22:00:00,21.55
8/8/2022,0:00:00,21.57
8/8/2022,2:00:00,21.56
8/8/2022,4:00:00,21.48
8/8/2022,6:00:00,21.41
8/8/2022,8:00:00,21.25
8/8/2022,10:00:00,21.1
8/8/2022,12:00:00,21.11
8/8/2022,14:00:00,21.16
8/8/2022,16:00:00,21.33
8/8/2022,18:00:00,21.4
8/8/2022,20:00:00,21.37
8/8/2022,22:00:00,21.33
8/9/2022,0:00:00,21.28
8/9/2022,2:00:00,21.21
8/9/2022,4:00:00,21.12
8/9/2022,6:00:00,20.8
8/9/2022,8:00:00,20.2
8/9/2022,10:00:00,19.91
8/9/2022,12:00:00,19.43
8/9/2022,14:00:00,19.49
8/9/2022,16:00:00,19.97
8/9/2022,18:00:00,19.74
8/9/2022,20:00:00,19.76
8/9/2022,22:00:00,19.72
8/10/2022,0:00:00,19.74
8/10/2022,2:00:00,19.69
8/10/2022,4:00:00,19.63
8/10/2022,6:00:00,19.64
8/10/2022,8:00:00,19.48
8/10/2022,10:00:00,19.52
8/10/2022,12:00:00,20.13
8/10/2022,14:00:00,20.48
8/10/2022,16:00:00,20.4
8/10/2022,18:00:00,20.49
8/10/2022,20:00:00,19.77
8/10/2022,22:00:00,19.7
8/11/2022,0:00:00,19.73
8/11/2022,2:00:00,19.76
8/11/2022,4:00:00,19.77
8/11/2022,6:00:00,19.87
8/11/2022,8:00:00,19.83
8/11/2022,10:00:00,19.8
8/11/2022,12:00:00,20.09
8/11/2022,14:00:00,20.44
8/11/2022,16:00:00,20.68
8/11/2022,18:00:00,20.48
8/11/2022,20:00:00,20.13
8/11/2022,22:00:00,20.24
8/12/2022,0:00:00,20.32
8/12/2022,2:00:00,20.32
8/12/2022,4:00:00,19.37
8/12/2022,6:00:00,19.25
8/12/2022,8:00:00,19.33
8/12/2022,10:00:00,19.4
8/12/2022,12:00:00,20.15
8/12/2022,14:00:00,20.17
8/12/2022,16:00:00,20.66
8/12/2022,18:00:00,20.65
8/12/2022,20:00:00,19.59
8/12/2022,22:00:00,19.48
8/13/2022,0:00:00,19.61
8/13/2022,2:00:00,19.98
8/13/2022,4:00:00,20.74
8/13/2022,6:00:00,20.64
8/13/2022,8:00:00,20.39
8/13/2022,10:00:00,20.22
8/13/2022,12:00:00,20.46
8/13/2022,14:00:00,20.66
8/13/2022,16:00:00,21.33
8/13/2022,18:00:00,20.88
8/13/2022,20:00:00,20.93
8/13/2022,22:00:00,20.6
8/14/2022,0:00:00,20.8
8/14/2022,2:00:00,20.31
8/14/2022,4:00:00,20.64
8/14/2022,6:00:00,21.06
8/14/2022,8:00:00,20.94
8/14/2022,10:00:00,20.93
8/14/2022,12:00:00,20.81
8/14/2022,14:00:00,20.72
8/14/2022,16:00:00,20.56
8/14/2022,18:00:00,20.47
8/14/2022,20:00:00,20.49
8/14/2022,22:00:00,20.47
8/15/2022,0:00:00,20.39
8/15/2022,2:00:00,20.33
8/15/2022,4:00:00,20.26
8/15/2022,6:00:00,20.24
8/15/2022,8:00:00,20.35
8/15/2022,10:00:00,20.47
8/15/2022,12:00:00,20.51
8/15/2022,14:00:00,20.61
8/15/2022,16:00:00,20.67
8/15/2022,18:00:00,20.78
8/15/2022,20:00:00,20.72
8/15/2022,22:00:00,20.97
8/16/2022,0:00:00,20.68
8/16/2022,2:00:00,20.66
8/16/2022,4:00:00,20.56
8/16/2022,6:00:00,20.49
8/16/2022,8:00:00,20.53
8/16/2022,10:00:00,20.78
8/16/2022,12:00:00,20.73
8/16/2022,14:00:00,20.89
8/16/2022,16:00:00,21.49
8/16/2022,18:00:00,21.56
8/16/2022,20:00:00,21.53
8/16/2022,22:00:00,21.4
8/17/2022,0:00:00,21.27
8/17/2022,2:00:00,21.04
8/17/2022,4:00:00,20.86
8/17/2022,6:00:00,20.62
8/17/2022,8:00:00,20.43
8/17/2022,10:00:00,20.31
8/17/2022,12:00:00,20.16
8/17/2022,14:00:00,19.83
8/17/2022,16:00:00,19.34
8/17/2022,18:00:00,18.75
8/17/2022,20:00:00,18.16
8/17/2022,22:00:00,17.05
8/18/2022,0:00:00,16.61
8/18/2022,2:00:00,15.89
8/18/2022,4:00:00,15.48
8/18/2022,6:00:00,15.53
8/18/2022,8:00:00,15.62
8/18/2022,10:00:00,16.12
8/18/2022,12:00:00,16.88
8/18/2022,14:00:00,17.65
8/18/2022,16:00:00,17.84
8/18/2022,18:00:00,17.77
8/18/2022,20:00:00,18.02
8/18/2022,22:00:00,17.99
8/19/2022,0:00:00,18.45
8/19/2022,2:00:00,18.67
8/19/2022,4:00:00,18.58
8/19/2022,6:00:00,18.59
8/19/2022,8:00:00,18.72
8/19/2022,10:00:00,18.55
8/19/2022,12:00:00,19.05
8/19/2022,14:00:00,19.66
8/19/2022,16:00:00,20.44
8/19/2022,18:00:00,20.44
8/19/2022,20:00:00,20.47
8/19/2022,22:00:00,20.36
8/20/2022,0:00:00,19.86
8/20/2022,2:00:00,19.82
8/20/2022,4:00:00,20.22
8/20/2022,6:00:00,20.15
8/20/2022,8:00:00,20.17
8/20/2022,10:00:00,20.13
8/20/2022,12:00:00,19.88
8/20/2022,14:00:00,19.79
8/20/2022,16:00:00,20.69
8/20/2022,18:00:00,19.95
8/20/2022,20:00:00,19.97
8/20/2022,22:00:00,19.85
8/21/2022,0:00:00,20
8/21/2022,2:00:00,19.98
8/21/2022,4:00:00,20.25
8/21/2022,6:00:00,20.2
8/21/2022,8:00:00,20.01
8/21/2022,10:00:00,20.36
8/21/2022,12:00:00,20.29
8/21/2022,14:00:00,20.15
8/21/2022,16:00:00,20.57
8/21/2022,18:00:00,20.75
8/21/2022,20:00:00,20.37
8/21/2022,22:00:00,20.51
8/22/2022,0:00:00,20.33
8/22/2022,2:00:00,20.53
8/22/2022,4:00:00,20.74
8/22/2022,6:00:00,20.71
8/22/2022,8:00:00,20.62
8/22/2022,10:00:00,20.4
8/22/2022,12:00:00,20.58
8/22/2022,14:00:00,20.78
8/22/2022,16:00:00,20.97
8/22/2022,18:00:00,21.02
8/22/2022,20:00:00,21.14
8/22/2022,22:00:00,20.89
8/23/2022,0:00:00,20.65
8/23/2022,2:00:00,20.6
8/23/2022,4:00:00,20.61
8/23/2022,6:00:00,20.57
8/23/2022,8:00:00,20.56
8/23/2022,10:00:00,20.53
8/23/2022,12:00:00,20.58
8/23/2022,14:00:00,20.76
8/23/2022,16:00:00,20.79
8/23/2022,18:00:00,20.79
8/23/2022,20:00:00,20.4
8/23/2022,22:00:00,20.28
8/24/2022,0:00:00,20.29
8/24/2022,2:00:00,20.51
8/24/2022,4:00:00,20.7
8/24/2022,6:00:00,20.65
8/24/2022,8:00:00,20.6
8/24/2022,10:00:00,20.61
8/24/2022,12:00:00,20.65
8/24/2022,14:00:00,20.74
8/24/2022,16:00:00,20.5
8/24/2022,18:00:00,20.42
8/24/2022,20:00:00,19.91
8/24/2022,22:00:00,20.33
8/25/2022,0:00:00,20.59
8/25/2022,2:00:00,20.73
8/25/2022,4:00:00,20.57
8/25/2022,6:00:00,20.43
8/25/2022,8:00:00,20.4
8/25/2022,10:00:00,20.73
8/25/2022,12:00:00,20.34
8/25/2022,14:00:00,20.24
8/25/2022,16:00:00,20.38
8/25/2022,18:00:00,20.48
8/25/2022,20:00:00,20.99
8/25/2022,22:00:00,21.14
8/26/2022,0:00:00,21.14
8/26/2022,2:00:00,20.85
8/26/2022,4:00:00,20.29
8/26/2022,6:00:00,20.91
8/26/2022,8:00:00,20.94
8/26/2022,10:00:00,20.93
8/26/2022,12:00:00,20.65
8/26/2022,14:00:00,20.76
8/26/2022,16:00:00,21.34
8/26/2022,18:00:00,20.86
8/26/2022,20:00:00,20.58
8/26/2022,22:00:00,20.43
8/27/2022,0:00:00,20.51
8/27/2022,2:00:00,20.66
8/27/2022,4:00:00,20.66
8/27/2022,6:00:00,20.48
8/27/2022,8:00:00,20.55
8/27/2022,10:00:00,20.73
8/27/2022,12:00:00,20.77
8/27/2022,14:00:00,20.76
8/27/2022,16:00:00,20.53
8/27/2022,18:00:00,20.52
8/27/2022,20:00:00,20.63
8/27/2022,22:00:00,20.71
8/28/2022,0:00:00,20.69
8/28/2022,2:00:00,20.64
8/28/2022,4:00:00,20.59
8/28/2022,6:00:00,20.58
8/28/2022,8:00:00,20.1
8/28/2022,10:00:00,20.75
8/28/2022,12:00:00,20.87
8/28/2022,14:00:00,20.92
8/28/2022,16:00:00,20.83
8/28/2022,18:00:00,21.38
8/28/2022,20:00:00,21.36
8/28/2022,22:00:00,21.22
8/29/2022,0:00:00,21.08
8/29/2022,2:00:00,20.86
8/29/2022,4:00:00,20.86
8/29/2022,6:00:00,20.78
8/29/2022,8:00:00,20.82
8/29/2022,10:00:00,20.83
8/29/2022,12:00:00,20.89
8/29/2022,14:00:00,20.91
8/29/2022,16:00:00,20.99
8/29/2022,18:00:00,20.96
8/29/2022,20:00:00,20.9
8/29/2022,22:00:00,20.85
8/30/2022,0:00:00,20.83
8/30/2022,2:00:00,20.84
8/30/2022,4:00:00,20.78
8/30/2022,6:00:00,20.72
8/30/2022,8:00:00,20.66
8/30/2022,10:00:00,20.64
8/30/2022,12:00:00,20.68
8/30/2022,14:00:00,20.72
8/30/2022,16:00:00,20.84
8/30/2022,18:00:00,20.87
8/30/2022,20:00:00,20.75
8/30/2022,22:00:00,20.8
8/31/2022,0:00:00,20.76
8/31/2022,2:00:00,20.91
8/31/2022,4:00:00,20.9
8/31/2022,6:00:00,21.05
8/31/2022,8:00:00,20.93
8/31/2022,10:00:00,20.91
8/31/2022,12:00:00,20.98
8/31/2022,14:00:00,21.03
8/31/2022,16:00:00,21.03
8/31/2022,18:00:00,21.05
8/31/2022,20:00:00,20.62
8/31/2022,22:00:00,20.81
9/1/2022,0:00:00,20.83
9/1/2022,2:00:00,20.6
9/1/2022,4:00:00,20.64
9/1/2022,6:00:00,20.7
9/1/2022,8:00:00,20.4
9/1/2022,10:00:00,20.67
9/1/2022,12:00:00,21
9/1/2022,14:00:00,21.15
9/1/2022,16:00:00,21.28
9/1/2022,18:00:00,21.17
9/1/2022,20:00:00,20.49
9/1/2022,22:00:00,18.69
9/2/2022,0:00:00,20.85
9/2/2022,2:00:00,20.85
9/2/2022,4:00:00,20.8
9/2/2022,6:00:00,20.74
9/2/2022,8:00:00,20.58
9/2/2022,10:00:00,19.83
9/2/2022,12:00:00,19.64
9/2/2022,14:00:00,19.33
9/2/2022,16:00:00,19.39
9/2/2022,18:00:00,19.39
9/2/2022,20:00:00,19.29
9/2/2022,22:00:00,19.52
9/3/2022,0:00:00,19.63
9/3/2022,2:00:00,20.23
9/3/2022,4:00:00,19.9
9/3/2022,6:00:00,19.95
9/3/2022,8:00:00,19.76
9/3/2022,10:00:00,19.81
9/3/2022,12:00:00,20
9/3/2022,14:00:00,20.04
9/3/2022,16:00:00,20.11
9/3/2022,18:00:00,19.98
9/3/2022,20:00:00,19.88
9/3/2022,22:00:00,20.19
9/4/2022,0:00:00,19.97
9/4/2022,2:00:00,19.78
9/4/2022,4:00:00,19.71
9/4/2022,6:00:00,19.74
9/4/2022,8:00:00,19.93
9/4/2022,10:00:00,20.1
9/4/2022,12:00:00,20.15
9/4/2022,14:00:00,20.05
9/4/2022,16:00:00,20.24
9/4/2022,18:00:00,20.36
9/4/2022,20:00:00,20.25
9/4/2022,22:00:00,20.5
9/5/2022,0:00:00,20.41
9/5/2022,2:00:00,20.35
9/5/2022,4:00:00,20.31
9/5/2022,6:00:00,20.23
9/5/2022,8:00:00,19.9
9/5/2022,10:00:00,19.92
9/5/2022,12:00:00,20.03
9/5/2022,14:00:00,20.25
9/5/2022,16:00:00,20.04
9/5/2022,18:00:00,20.03
9/5/2022,20:00:00,20.02
9/5/2022,22:00:00,19.99
9/6/2022,0:00:00,19.99
9/6/2022,2:00:00,20.05
9/6/2022,4:00:00,20.01
9/6/2022,6:00:00,19.9
9/6/2022,8:00:00,19.89
9/6/2022,10:00:00,19.82
9/6/2022,12:00:00,19.85
9/6/2022,14:00:00,19.95
9/6/2022,16:00:00,19.96
9/6/2022,18:00:00,19.97
9/6/2022,20:00:00,19.98
9/6/2022,22:00:00,19.97
9/7/2022,0:00:00,19.98
9/7/2022,2:00:00,19.95
9/7/2022,4:00:00,19.89
9/7/2022,6:00:00,19.9
9/7/2022,8:00:00,19.92
9/7/2022,10:00:00,19.91
9/7/2022,12:00:00,19.89
9/7/2022,14:00:00,20
9/7/2022,16:00:00,19.71
9/7/2022,18:00:00,19.69
9/7/2022,20:00:00,19.94
9/7/2022,22:00:00,20.28
9/8/2022,0:00:00,20.13
9/8/2022,2:00:00,19.99
9/8/2022,4:00:00,20.06
9/8/2022,6:00:00,20.02
9/8/2022,8:00:00,20.08
9/8/2022,10:00:00,20.1
9/8/2022,12:00:00,19.96
9/8/2022,14:00:00,20.14
9/8/2022,16:00:00,20.32
9/8/2022,18:00:00,20.19
9/8/2022,20:00:00,20.28
9/8/2022,22:00:00,20.32
9/9/2022,0:00:00,20.37
9/9/2022,2:00:00,20.15
9/9/2022,4:00:00,20.14
9/9/2022,6:00:00,20.08
9/9/2022,8:00:00,20.12
9/9/2022,10:00:00,20.24
9/9/2022,12:00:00,20.22
9/9/2022,14:00:00,20.57
9/9/2022,16:00:00,20.18
9/9/2022,18:00:00,20.1
9/9/2022,20:00:00,20.01
9/9/2022,22:00:00,20.25
9/10/2022,0:00:00,20.44
9/10/2022,2:00:00,20.59
9/10/2022,4:00:00,20.55
9/10/2022,6:00:00,20.48
9/10/2022,8:00:00,20.39
9/10/2022,10:00:00,20.37
9/10/2022,12:00:00,20.46
9/10/2022,14:00:00,20.5
9/10/2022,16:00:00,20.5
9/10/2022,18:00:00,20.62
9/10/2022,20:00:00,20.23
9/10/2022,22:00:00,20.07
9/11/2022,0:00:00,19.89
9/11/2022,2:00:00,20.37
9/11/2022,4:00:00,20.49
9/11/2022,6:00:00,20.48
9/11/2022,8:00:00,20.4
9/11/2022,10:00:00,20.35
9/11/2022,12:00:00,20.28
9/11/2022,14:00:00,20.65
9/11/2022,16:00:00,20.7
9/11/2022,18:00:00,20.53
9/11/2022,20:00:00,20.51
9/11/2022,22:00:00,20.52
9/12/2022,0:00:00,20.34
9/12/2022,2:00:00,20.39
9/12/2022,4:00:00,20.55
9/12/2022,6:00:00,20.55
9/12/2022,8:00:00,20.51
9/12/2022,10:00:00,20.51
9/12/2022,12:00:00,20.56
9/12/2022,14:00:00,20.6
9/12/2022,16:00:00,20.67
9/12/2022,18:00:00,20.86
9/12/2022,20:00:00,20.69
9/12/2022,22:00:00,20.64
9/13/2022,0:00:00,20.64
9/13/2022,2:00:00,20.55
9/13/2022,4:00:00,20.44
9/13/2022,6:00:00,20.62
9/13/2022,8:00:00,20.6
9/13/2022,10:00:00,20.59
9/13/2022,12:00:00,20.61
9/13/2022,14:00:00,20.63
9/13/2022,16:00:00,21.15
9/13/2022,18:00:00,21.23
9/13/2022,20:00:00,21.08
9/13/2022,22:00:00,20.87
9/14/2022,0:00:00,20.73
9/14/2022,2:00:00,20.76
9/14/2022,4:00:00,20.8
9/14/2022,6:00:00,20.68
9/14/2022,8:00:00,20.63
9/14/2022,10:00:00,20.6
9/14/2022,12:00:00,20.57
9/14/2022,14:00:00,20.46
9/14/2022,16:00:00,20.38
9/14/2022,18:00:00,20.59
9/14/2022,20:00:00,20.51
9/14/2022,22:00:00,20.44
9/15/2022,0:00:00,20.19
9/15/2022,2:00:00,20.08
9/15/2022,4:00:00,19.96
9/15/2022,6:00:00,19.84
9/15/2022,8:00:00,19.76
9/15/2022,10:00:00,19.7
9/15/2022,12:00:00,19.74
9/15/2022,14:00:00,19.56
9/15/2022,16:00:00,19.41
9/15/2022,18:00:00,19.34
9/15/2022,20:00:00,19.34
9/15/2022,22:00:00,19.36
9/16/2022,0:00:00,19.19
9/16/2022,2:00:00,19.09
9/16/2022,4:00:00,19.14
9/16/2022,6:00:00,18.9
9/16/2022,8:00:00,18.81
9/16/2022,10:00:00,18.93
9/16/2022,12:00:00,18.95
9/16/2022,14:00:00,16.93
9/16/2022,16:00:00,15.76
9/16/2022,18:00:00,15.98
9/16/2022,20:00:00,16.16
9/16/2022,22:00:00,16.58
9/17/2022,0:00:00,16.54
9/17/2022,2:00:00,16.43
9/17/2022,4:00:00,16.29
9/17/2022,6:00:00,16.2
9/17/2022,8:00:00,16.25
9/17/2022,10:00:00,16.3
9/17/2022,12:00:00,16.42
9/17/2022,14:00:00,16.58
9/17/2022,16:00:00,16.63
9/17/2022,18:00:00,16.73
9/17/2022,20:00:00,16.77
9/17/2022,22:00:00,16.69
9/18/2022,0:00:00,16.69
9/18/2022,2:00:00,16.61
9/18/2022,4:00:00,16.57
9/18/2022,6:00:00,16.51
9/18/2022,8:00:00,16.33
9/18/2022,10:00:00,16.38
9/18/2022,12:00:00,16.41
9/18/2022,14:00:00,16.37
9/18/2022,16:00:00,16.37
9/18/2022,18:00:00,16.35
9/18/2022,20:00:00,16.3
9/18/2022,22:00:00,16.21
9/19/2022,0:00:00,16.14
9/19/2022,2:00:00,16.05
9/19/2022,4:00:00,16
9/19/2022,6:00:00,16.02
9/19/2022,8:00:00,16.07
9/19/2022,10:00:00,16.11
9/19/2022,12:00:00,16.21
9/19/2022,14:00:00,16.26
9/19/2022,16:00:00,16.42
9/19/2022,18:00:00,16.44
9/19/2022,20:00:00,16.41
9/19/2022,22:00:00,16.34
9/20/2022,0:00:00,16.29
9/20/2022,2:00:00,16.18
9/20/2022,4:00:00,16.18
9/20/2022,6:00:00,16.19
9/20/2022,8:00:00,16.19
9/20/2022,10:00:00,16.18
9/20/2022,12:00:00,16.08
9/20/2022,14:00:00,16.11
9/20/2022,16:00:00,16.05
9/20/2022,18:00:00,15.96
9/20/2022,20:00:00,15.75
9/20/2022,22:00:00,15.53
9/21/2022,0:00:00,15.41
9/21/2022,2:00:00,15.34
9/21/2022,4:00:00,15.33
9/21/2022,6:00:00,15.3
9/21/2022,8:00:00,15.28
9/21/2022,10:00:00,15.38
9/21/2022,12:00:00,15.4
9/21/2022,14:00:00,15.43
9/21/2022,16:00:00,15.51
9/21/2022,18:00:00,15.7
9/21/2022,20:00:00,15.74
9/21/2022,22:00:00,15.93
9/22/2022,0:00:00,15.92
9/22/2022,2:00:00,15.9
9/22/2022,4:00:00,15.83
9/22/2022,6:00:00,15.84
9/22/2022,8:00:00,15.81
9/22/2022,10:00:00,15.76
9/22/2022,12:00:00,15.5
9/22/2022,14:00:00,15.55
9/22/2022,16:00:00,15.59
9/22/2022,18:00:00,15.6
9/22/2022,20:00:00,15.72
9/22/2022,22:00:00,15.64
9/23/2022,0:00:00,15.61
9/23/2022,2:00:00,15.53
9/23/2022,4:00:00,15.25
9/23/2022,6:00:00,15.27
9/23/2022,8:00:00,15.51
9/23/2022,10:00:00,15.6
9/23/2022,12:00:00,15.72
9/23/2022,14:00:00,15.72
9/23/2022,16:00:00,15.61
9/23/2022,18:00:00,15.57
9/23/2022,20:00:00,15.51
9/23/2022,22:00:00,15.39
9/24/2022,0:00:00,15.33
9/24/2022,2:00:00,15.27
9/24/2022,4:00:00,15.18
9/24/2022,6:00:00,15.32
9/24/2022,8:00:00,14.94
9/24/2022,10:00:00,15.08
9/24/2022,12:00:00,15.04
9/24/2022,14:00:00,15.01
9/24/2022,16:00:00,14.79
9/24/2022,18:00:00,14.64
9/24/2022,20:00:00,14.56
9/24/2022,22:00:00,14.54
9/25/2022,0:00:00,14.43
9/25/2022,2:00:00,13.99
9/25/2022,4:00:00,13.83
9/25/2022,6:00:00,13.61
9/25/2022,8:00:00,14.38
9/25/2022,10:00:00,14.27
9/25/2022,12:00:00,14.34
9/25/2022,14:00:00,13.92
9/25/2022,16:00:00,13.79
9/25/2022,18:00:00,14.41
9/25/2022,20:00:00,14.43
9/25/2022,22:00:00,14.36
9/26/2022,0:00:00,14.32
9/26/2022,2:00:00,14.06
9/26/2022,4:00:00,14.08
9/26/2022,6:00:00,13.99
9/26/2022,8:00:00,14
9/26/2022,10:00:00,14.08
9/26/2022,12:00:00,14.17
9/26/2022,14:00:00,14.17
9/26/2022,16:00:00,14.3
9/26/2022,18:00:00,14.35
9/26/2022,20:00:00,14.36
9/26/2022,22:00:00,14.35
9/27/2022,0:00:00,14.34
9/27/2022,2:00:00,14.37
9/27/2022,4:00:00,14.37
9/27/2022,6:00:00,14.35
9/27/2022,8:00:00,14.35
9/27/2022,10:00:00,14.37
9/27/2022,12:00:00,14.42
9/27/2022,14:00:00,14.53
9/27/2022,16:00:00,14.55
9/27/2022,18:00:00,14.57
9/27/2022,20:00:00,14.63
9/27/2022,22:00:00,14.65
9/28/2022,0:00:00,14.57
9/28/2022,2:00:00,14.77
9/28/2022,4:00:00,14.78
9/28/2022,6:00:00,14.65
9/28/2022,8:00:00,14.55
9/28/2022,10:00:00,14.53
9/28/2022,12:00:00,14.64
9/28/2022,14:00:00,14.73
9/28/2022,16:00:00,14.81
9/28/2022,18:00:00,14.79
9/28/2022,20:00:00,14.73
9/28/2022,22:00:00,14.67
9/29/2022,0:00:00,14.66
9/29/2022,2:00:00,14.79
9/29/2022,4:00:00,14.58
9/29/2022,6:00:00,14.56
9/29/2022,8:00:00,14.66
9/29/2022,10:00:00,14.72
9/29/2022,12:00:00,14.75
9/29/2022,14:00:00,14.88
9/29/2022,16:00:00,14.95
9/29/2022,18:00:00,15
9/29/2022,20:00:00,14.91
9/29/2022,22:00:00,14.85
9/30/2022,0:00:00,14.78
9/30/2022,2:00:00,14.75
9/30/2022,4:00:00,14.75
9/30/2022,6:00:00,14.69
9/30/2022,8:00:00,14.63
9/30/2022,10:00:00,14.63
9/30/2022,12:00:00,14.65
9/30/2022,14:00:00,14.72
9/30/2022,16:00:00,14.78
9/30/2022,18:00:00,14.74
9/30/2022,20:00:00,14.69
9/30/2022,22:00:00,14.63
10/1/2022,0:00:00,14.57
10/1/2022,2:00:00,14.55
10/1/2022,4:00:00,14.54
10/1/2022,6:00:00,14.5
10/1/2022,8:00:00,14.48
10/1/2022,10:00:00,14.45
10/1/2022,12:00:00,14.49
10/1/2022,14:00:00,14.55
10/1/2022,16:00:00,14.69
10/1/2022,18:00:00,14.61
10/1/2022,20:00:00,14.58
10/1/2022,22:00:00,14.53
10/2/2022,0:00:00,14.48
10/2/2022,2:00:00,14.42
10/2/2022,4:00:00,14.34
10/2/2022,6:00:00,14.28
10/2/2022,8:00:00,14.24
10/2/2022,10:00:00,14.24
10/2/2022,12:00:00,14.24
10/2/2022,14:00:00,14.27
10/2/2022,16:00:00,14.28
10/2/2022,18:00:00,14.22
10/2/2022,20:00:00,14.15
10/2/2022,22:00:00,14.12
10/3/2022,0:00:00,14.1
10/3/2022,2:00:00,14.07
10/3/2022,4:00:00,13.94
10/3/2022,6:00:00,13.7
10/3/2022,8:00:00,13.42
10/3/2022,10:00:00,13.59
10/3/2022,12:00:00,13.79
10/3/2022,14:00:00,14.02
10/3/2022,16:00:00,14.12
10/3/2022,18:00:00,14.17
10/3/2022,20:00:00,13.98
10/3/2022,22:00:00,13.92
10/4/2022,0:00:00,13.87
10/4/2022,2:00:00,13.82
10/4/2022,4:00:00,13.78
10/4/2022,6:00:00,13.71
10/4/2022,8:00:00,13.68
10/4/2022,10:00:00,13.5
10/4/2022,12:00:00,13.53
10/4/2022,14:00:00,13.63
10/4/2022,16:00:00,13.67
10/4/2022,18:00:00,13.71
10/4/2022,20:00:00,13.67
10/4/2022,22:00:00,13.65
10/5/2022,0:00:00,13.66
10/5/2022,2:00:00,13.62
10/5/2022,4:00:00,13.84
10/5/2022,6:00:00,13.81
10/5/2022,8:00:00,13.66
10/5/2022,10:00:00,13.36
10/5/2022,12:00:00,13.4
10/5/2022,14:00:00,13.43
10/5/2022,16:00:00,13.44
10/5/2022,18:00:00,13.57
10/5/2022,20:00:00,13.47
10/5/2022,22:00:00,13.53
10/6/2022,0:00:00,13.57
10/6/2022,2:00:00,13.79
10/6/2022,4:00:00,13.71
10/6/2022,6:00:00,13.68
10/6/2022,8:00:00,13.72
10/6/2022,10:00:00,13.66
10/6/2022,12:00:00,13.55
10/6/2022,14:00:00,13.88
10/6/2022,16:00:00,13.85
10/6/2022,18:00:00,13.9
10/6/2022,20:00:00,13.81
10/6/2022,22:00:00,13.78
10/7/2022,0:00:00,13.77
10/7/2022,2:00:00,13.75
10/7/2022,4:00:00,13.82
10/7/2022,6:00:00,13.72
10/7/2022,8:00:00,13.7
10/7/2022,10:00:00,13.66
10/7/2022,12:00:00,13.66
10/7/2022,14:00:00,13.76
10/7/2022,16:00:00,13.68
10/7/2022,18:00:00,13.66
10/7/2022,20:00:00,13.63
10/7/2022,22:00:00,13.62
10/8/2022,0:00:00,13.67
10/8/2022,2:00:00,13.72
10/8/2022,4:00:00,13.21
10/8/2022,6:00:00,13.41
10/8/2022,8:00:00,13.32
10/8/2022,10:00:00,13.27
10/8/2022,12:00:00,13.34
10/8/2022,14:00:00,13.36
10/8/2022,16:00:00,13.44
10/8/2022,18:00:00,13.45
10/8/2022,20:00:00,13.4
10/8/2022,22:00:00,13.35
10/9/2022,0:00:00,13.11
10/9/2022,2:00:00,13.17
10/9/2022,4:00:00,13.08
10/9/2022,6:00:00,13.15
10/9/2022,8:00:00,13.12
10/9/2022,10:00:00,13.07
10/9/2022,12:00:00,13.05
10/9/2022,14:00:00,12.9
10/9/2022,16:00:00,12.94
10/9/2022,18:00:00,12.89
10/9/2022,20:00:00,12.96
10/9/2022,22:00:00,12.93
10/10/2022,0:00:00,12.79
10/10/2022,2:00:00,12.67
10/10/2022,4:00:00,12.54
10/10/2022,6:00:00,12.64
10/10/2022,8:00:00,12.74
10/10/2022,10:00:00,12.63
10/10/2022,12:00:00,12.7
10/10/2022,14:00:00,12.64
10/10/2022,16:00:00,12.58
10/10/2022,18:00:00,12.62
10/10/2022,20:00:00,12.72
10/10/2022,22:00:00,12.69
10/11/2022,0:00:00,12.61
10/11/2022,2:00:00,12.46
10/11/2022,4:00:00,12.29
10/11/2022,6:00:00,12.33
10/11/2022,8:00:00,12.43
10/11/2022,10:00:00,12.47
10/11/2022,12:00:00,12.49
10/11/2022,14:00:00,12.48
10/11/2022,16:00:00,12.49
10/11/2022,18:00:00,12.46
10/11/2022,20:00:00,12.47
10/11/2022,22:00:00,12.53
10/12/2022,0:00:00,12.55
10/12/2022,2:00:00,12.46
10/12/2022,4:00:00,12.14
10/12/2022,6:00:00,12.16
10/12/2022,8:00:00,12.21
10/12/2022,10:00:00,12.23
10/12/2022,12:00:00,12.36
10/12/2022,14:00:00,12.42
10/12/2022,16:00:00,12.29
10/12/2022,18:00:00,12.34
10/12/2022,20:00:00,12.36
10/12/2022,22:00:00,12.62
10/13/2022,0:00:00,12.59
10/13/2022,2:00:00,12.51
10/13/2022,4:00:00,12.41
10/13/2022,6:00:00,12.26
10/13/2022,8:00:00,12.3
10/13/2022,10:00:00,12.31
10/13/2022,12:00:00,12.36
10/13/2022,14:00:00,12.37
10/13/2022,16:00:00,12.24
10/13/2022,18:00:00,12.35
10/13/2022,20:00:00,12.31
10/13/2022,22:00:00,12.38
10/14/2022,0:00:00,12.41
10/14/2022,2:00:00,12.35
10/14/2022,4:00:00,12.34
10/14/2022,6:00:00,12.33
10/14/2022,8:00:00,12.38
10/14/2022,10:00:00,12.3
10/14/2022,12:00:00,12.35
10/14/2022,14:00:00,12.42
10/14/2022,16:00:00,12.56
10/14/2022,18:00:00,12.54
10/14/2022,20:00:00,12.54
10/14/2022,22:00:00,12.54
10/15/2022,0:00:00,12.5
10/15/2022,2:00:00,12.45
10/15/2022,4:00:00,12.4
10/15/2022,6:00:00,12.31
10/15/2022,8:00:00,12.09
10/15/2022,10:00:00,11.94
10/15/2022,12:00:00,11.65
10/15/2022,14:00:00,11.6
10/15/2022,16:00:00,11.25
10/15/2022,18:00:00,11.2
10/15/2022,20:00:00,11.47
10/15/2022,22:00:00,11.52
10/16/2022,0:00:00,11.72
10/16/2022,2:00:00,11.64
10/16/2022,4:00:00,11.68
10/16/2022,6:00:00,11.61
10/16/2022,8:00:00,11.03
10/16/2022,10:00:00,11.04
10/16/2022,12:00:00,11.15
10/16/2022,14:00:00,10.95
10/16/2022,16:00:00,11.16
10/16/2022,18:00:00,11.2
10/16/2022,20:00:00,11.12
10/16/2022,22:00:00,11.14
10/17/2022,0:00:00,11.25
10/17/2022,2:00:00,11.26
10/17/2022,4:00:00,11.47
10/17/2022,6:00:00,11.57
10/17/2022,8:00:00,11.47
10/17/2022,10:00:00,11.42
10/17/2022,12:00:00,11.59
10/17/2022,14:00:00,11.49
10/17/2022,16:00:00,11.29
10/17/2022,18:00:00,11.44
10/17/2022,20:00:00,11.28
10/17/2022,22:00:00,11.34
10/18/2022,0:00:00,11.65
10/18/2022,2:00:00,11.67
10/18/2022,4:00:00,11.6
10/18/2022,6:00:00,11.74
10/18/2022,8:00:00,11.88
10/18/2022,10:00:00,11.98
10/18/2022,12:00:00,11.71
10/18/2022,14:00:00,11.82
10/18/2022,16:00:00,11.87
10/18/2022,18:00:00,12.16
10/18/2022,20:00:00,12.23
10/18/2022,22:00:00,12.17
10/19/2022,0:00:00,11.98
10/19/2022,2:00:00,11.78
10/19/2022,4:00:00,11.5
10/19/2022,6:00:00,11.17
10/19/2022,8:00:00,10.77
10/19/2022,10:00:00,10.61
10/19/2022,12:00:00,10.39
10/19/2022,14:00:00,10.88
10/19/2022,16:00:00,10.88
10/19/2022,18:00:00,11
10/19/2022,20:00:00,10.95
10/19/2022,22:00:00,11.29
10/20/2022,0:00:00,11.02
10/20/2022,2:00:00,11.11
10/20/2022,4:00:00,12.25
10/20/2022,6:00:00,12.38
10/20/2022,8:00:00,12.36
10/20/2022,10:00:00,12.11
10/20/2022,12:00:00,11.89
10/20/2022,14:00:00,11.49
10/20/2022,16:00:00,11.37
10/20/2022,18:00:00,11.98
10/20/2022,20:00:00,11.92
10/20/2022,22:00:00,11.66
10/21/2022,0:00:00,11.63
10/21/2022,2:00:00,11.41
10/21/2022,4:00:00,11.49
10/21/2022,6:00:00,11.48
10/21/2022,8:00:00,11.21
10/21/2022,10:00:00,11.16
10/21/2022,12:00:00,11.24
10/21/2022,14:00:00,11.32
10/21/2022,16:00:00,11.5
10/21/2022,18:00:00,11.68
10/21/2022,20:00:00,12.05
10/21/2022,22:00:00,12.04
10/22/2022,0:00:00,12.03
10/22/2022,2:00:00,11.99
10/22/2022,4:00:00,11.9
10/22/2022,6:00:00,11.72
10/22/2022,8:00:00,11.24
10/22/2022,10:00:00,11.22
10/22/2022,12:00:00,11.28
10/22/2022,14:00:00,11.46
10/22/2022,16:00:00,11.45
10/22/2022,18:00:00,11.35
10/22/2022,20:00:00,11.33
10/22/2022,22:00:00,11.32
10/23/2022,0:00:00,11.5
10/23/2022,2:00:00,11.77
10/23/2022,4:00:00,11.94
10/23/2022,6:00:00,11.91
10/23/2022,8:00:00,11.87
10/23/2022,10:00:00,11.85
10/23/2022,12:00:00,11.84
10/23/2022,14:00:00,11.89
10/23/2022,16:00:00,11.74
10/23/2022,18:00:00,11.92
10/23/2022,20:00:00,11.57
10/23/2022,22:00:00,11.79
10/24/2022,0:00:00,12.04
10/24/2022,2:00:00,12
10/24/2022,4:00:00,11.23
10/24/2022,6:00:00,11.18
10/24/2022,8:00:00,11.43
10/24/2022,10:00:00,11.44
10/24/2022,12:00:00,11.78
10/24/2022,14:00:00,12.01
10/24/2022,16:00:00,12
10/24/2022,18:00:00,11.36
10/24/2022,20:00:00,11.24
10/24/2022,22:00:00,11.28
10/25/2022,0:00:00,11.44
10/25/2022,2:00:00,11.55
10/25/2022,4:00:00,11.6
10/25/2022,6:00:00,11.39
10/25/2022,8:00:00,11.3
10/25/2022,10:00:00,11.29
10/25/2022,12:00:00,11.37
10/25/2022,14:00:00,11.35
10/25/2022,16:00:00,11.68
10/25/2022,18:00:00,11.48
10/25/2022,20:00:00,11.44
10/25/2022,22:00:00,11.75
10/26/2022,0:00:00,12.11
10/26/2022,2:00:00,11.92
10/26/2022,4:00:00,12.17
10/26/2022,6:00:00,11.72
10/26/2022,8:00:00,11.47
10/26/2022,10:00:00,11.64
10/26/2022,12:00:00,11.85
10/26/2022,14:00:00,12.23
10/26/2022,16:00:00,12.03
10/26/2022,18:00:00,11.47
10/26/2022,20:00:00,11.47
10/26/2022,22:00:00,11.64
10/27/2022,0:00:00,12.27
10/27/2022,2:00:00,12.21
10/27/2022,4:00:00,11.98
10/27/2022,6:00:00,11.84
10/27/2022,8:00:00,11.88
10/27/2022,10:00:00,11.95
10/27/2022,12:00:00,12.07
10/27/2022,14:00:00,12.5
10/27/2022,16:00:00,12.69
10/27/2022,18:00:00,12.68
10/27/2022,20:00:00,12.54
10/27/2022,22:00:00,12.36
10/28/2022,0:00:00,12.09
10/28/2022,2:00:00,12
10/28/2022,4:00:00,12.18
10/28/2022,6:00:00,12.01
10/28/2022,8:00:00,12.13
10/28/2022,10:00:00,12.14
10/28/2022,12:00:00,12.13
10/28/2022,14:00:00,12.16
10/28/2022,16:00:00,12.18
10/28/2022,18:00:00,12.13
10/28/2022,20:00:00,12.08
10/28/2022,22:00:00,12.07
10/29/2022,0:00:00,12.01
10/29/2022,2:00:00,11.94
10/29/2022,4:00:00,11.73
10/29/2022,6:00:00,11.76
10/29/2022,8:00:00,11.52
10/29/2022,10:00:00,11.74
10/29/2022,12:00:00,11.68
10/29/2022,14:00:00,11.64
10/29/2022,16:00:00,11.59
10/29/2022,18:00:00,11.71
10/29/2022,20:00:00,11.81
10/29/2022,22:00:00,11.77
10/30/2022,0:00:00,11.69
10/30/2022,2:00:00,11.59
10/30/2022,4:00:00,11.25
10/30/2022,6:00:00,11.28
10/30/2022,8:00:00,11.27
10/30/2022,10:00:00,11.29
10/30/2022,12:00:00,11.58
10/30/2022,14:00:00,11.52
10/30/2022,16:00:00,11.6
10/30/2022,18:00:00,11.64
10/30/2022,20:00:00,11.7
10/30/2022,22:00:00,11.62
10/31/2022,0:00:00,11.56
10/31/2022,2:00:00,11.52
10/31/2022,4:00:00,11.39
10/31/2022,6:00:00,11.27
10/31/2022,8:00:00,11.29
10/31/2022,10:00:00,11.31
10/31/2022,12:00:00,11.36
10/31/2022,14:00:00,11.38
10/31/2022,16:00:00,11.37
10/31/2022,18:00:00,11.42
10/31/2022,20:00:00,11.42
10/31/2022,22:00:00,11.38
11/1/2022,0:00:00,11.43
11/1/2022,2:00:00,11.43
11/1/2022,4:00:00,11.39
11/1/2022,6:00:00,11.33
11/1/2022,8:00:00,11.31
11/1/2022,10:00:00,11.26
11/1/2022,12:00:00,11.3
11/1/2022,14:00:00,11.36
11/1/2022,16:00:00,11.41
11/1/2022,18:00:00,11.48
11/1/2022,20:00:00,11.35
11/1/2022,22:00:00,11.35
11/2/2022,0:00:00,11.4
11/2/2022,2:00:00,11.54
11/2/2022,4:00:00,11.52
11/2/2022,6:00:00,11.46
11/2/2022,8:00:00,11.45
11/2/2022,10:00:00,11.38
11/2/2022,12:00:00,11.43
11/2/2022,14:00:00,11.49
11/2/2022,16:00:00,11.51
11/2/2022,18:00:00,11.49
11/2/2022,20:00:00,11.44
11/2/2022,22:00:00,11.4
11/3/2022,0:00:00,11.36
11/3/2022,2:00:00,11.3
11/3/2022,4:00:00,11.21
11/3/2022,6:00:00,11.06
11/3/2022,8:00:00,10.77
11/3/2022,10:00:00,10.96
11/3/2022,12:00:00,11.08
11/3/2022,14:00:00,11.17
11/3/2022,16:00:00,11.15
11/3/2022,18:00:00,11.11
11/3/2022,20:00:00,11.08
11/3/2022,22:00:00,11.05
11/4/2022,0:00:00,11.02
11/4/2022,2:00:00,11
11/4/2022,4:00:00,10.97
11/4/2022,6:00:00,10.96
11/4/2022,8:00:00,10.98
11/4/2022,10:00:00,10.94
11/4/2022,12:00:00,10.91
11/4/2022,14:00:00,11
11/4/2022,16:00:00,10.95
11/4/2022,18:00:00,10.93
11/4/2022,20:00:00,10.93
11/4/2022,22:00:00,10.86
11/5/2022,0:00:00,10.76
11/5/2022,2:00:00,10.82
11/5/2022,4:00:00,10.86
11/5/2022,6:00:00,10.86
11/5/2022,8:00:00,10.9
11/5/2022,10:00:00,10.86
11/5/2022,12:00:00,10.51
11/5/2022,14:00:00,10.63
11/5/2022,16:00:00,10.83
11/5/2022,18:00:00,10.94
11/5/2022,20:00:00,10.98
11/5/2022,22:00:00,10.93
11/6/2022,0:00:00,10.89
11/6/2022,2:00:00,10.87
11/6/2022,4:00:00,10.83
11/6/2022,6:00:00,10.88
11/6/2022,8:00:00,10.91
11/6/2022,10:00:00,10.93
11/6/2022,12:00:00,10.95
11/6/2022,14:00:00,11
11/6/2022,16:00:00,11.09
11/6/2022,18:00:00,11.08
11/6/2022,20:00:00,11.08
11/6/2022,22:00:00,11.09
11/7/2022,0:00:00,11.1
11/7/2022,2:00:00,11.28
11/7/2022,4:00:00,11.3
11/7/2022,6:00:00,11.24
11/7/2022,8:00:00,11.21
11/7/2022,10:00:00,11.22
11/7/2022,12:00:00,11.31
11/7/2022,14:00:00,11.32
11/7/2022,16:00:00,11.36
11/7/2022,18:00:00,11.34
11/7/2022,20:00:00,11.31
11/7/2022,22:00:00,11.26
11/8/2022,0:00:00,11.16
11/8/2022,2:00:00,11.06
11/8/2022,4:00:00,11.08
11/8/2022,6:00:00,11.09
11/8/2022,8:00:00,10.96
11/8/2022,10:00:00,10.79
11/8/2022,12:00:00,10.6
11/8/2022,14:00:00,10.66
11/8/2022,16:00:00,10.54
11/8/2022,18:00:00,10.45
11/8/2022,20:00:00,10.38
11/8/2022,22:00:00,10.35
11/9/2022,0:00:00,10.19
11/9/2022,2:00:00,10.4
11/9/2022,4:00:00,10.43
11/9/2022,6:00:00,10.42
11/9/2022,8:00:00,10.35
11/9/2022,10:00:00,10.31
11/9/2022,12:00:00,10.28
11/9/2022,14:00:00,10.27
11/9/2022,16:00:00,10.27
11/9/2022,18:00:00,10.25
11/9/2022,20:00:00,10.07
11/9/2022,22:00:00,10.02
11/10/2022,0:00:00,9.68
11/10/2022,2:00:00,8.82
11/10/2022,4:00:00,8.71
11/10/2022,6:00:00,8.85
11/10/2022,8:00:00,9.1
11/10/2022,10:00:00,9.46
11/10/2022,12:00:00,9.43
11/10/2022,14:00:00,9.36
11/10/2022,16:00:00,9.32
11/10/2022,18:00:00,9.39
11/10/2022,20:00:00,9.18
11/10/2022,22:00:00,9.68
11/11/2022,0:00:00,9.61
11/11/2022,2:00:00,9.45
11/11/2022,4:00:00,9.56
11/11/2022,6:00:00,9.36
11/11/2022,8:00:00,9.44
11/11/2022,10:00:00,9.38
11/11/2022,12:00:00,9.46
11/11/2022,14:00:00,9.5
11/11/2022,16:00:00,9.53
11/11/2022,18:00:00,9.59
11/11/2022,20:00:00,9.58
11/11/2022,22:00:00,9.61
11/12/2022,0:00:00,9.53
11/12/2022,2:00:00,9.47
11/12/2022,4:00:00,9.45
11/12/2022,6:00:00,9.33
11/12/2022,8:00:00,9.14
11/12/2022,10:00:00,9.25
11/12/2022,12:00:00,9.48
11/12/2022,14:00:00,9.59
11/12/2022,16:00:00,9.65
11/12/2022,18:00:00,9.77
11/12/2022,20:00:00,9.79
11/12/2022,22:00:00,9.8
11/13/2022,0:00:00,9.8
11/13/2022,2:00:00,9.81
11/13/2022,4:00:00,9.74
11/13/2022,6:00:00,9.77
11/13/2022,8:00:00,9.77
11/13/2022,10:00:00,9.61
11/13/2022,12:00:00,9.5
11/13/2022,14:00:00,9.57
11/13/2022,16:00:00,9.6
11/13/2022,18:00:00,9.62
11/13/2022,20:00:00,9.64
11/13/2022,22:00:00,9.6
11/14/2022,0:00:00,9.66
11/14/2022,2:00:00,9.71
11/14/2022,4:00:00,9.68
11/14/2022,6:00:00,9.73
11/14/2022,8:00:00,9.63
11/14/2022,10:00:00,9.65
11/14/2022,12:00:00,9.32
11/14/2022,14:00:00,9.58
11/14/2022,16:00:00,9.52
11/14/2022,18:00:00,9.44
11/14/2022,20:00:00,9.38
11/14/2022,22:00:00,9.27
11/15/2022,0:00:00,9.29
11/15/2022,2:00:00,9.21
11/15/2022,4:00:00,8.82
11/15/2022,6:00:00,8.29
11/15/2022,8:00:00,8.25
11/15/2022,10:00:00,8.04
11/15/2022,12:00:00,8.44
11/15/2022,14:00:00,9.06
11/15/2022,16:00:00,9.12
11/15/2022,18:00:00,9.14
11/15/2022,20:00:00,9.16
11/15/2022,22:00:00,9.2
11/16/2022,0:00:00,9.18
11/16/2022,2:00:00,9.14
11/16/2022,4:00:00,9
11/16/2022,6:00:00,8.28
11/16/2022,8:00:00,8.02
11/16/2022,10:00:00,7.98
11/16/2022,12:00:00,7.51
11/16/2022,14:00:00,7.81
11/16/2022,16:00:00,8.15
11/16/2022,18:00:00,8.3
11/16/2022,20:00:00,8.51
11/16/2022,22:00:00,8.7
11/17/2022,0:00:00,8.55
11/17/2022,2:00:00,8.47
11/17/2022,4:00:00,8.21
11/17/2022,6:00:00,8.29
11/17/2022,8:00:00,8.25
11/17/2022,10:00:00,8.06
11/17/2022,12:00:00,8.21
11/17/2022,14:00:00,8.44
11/17/2022,16:00:00,8.49
11/17/2022,18:00:00,8.45
11/17/2022,20:00:00,8.48
11/17/2022,22:00:00,8.54
11/18/2022,0:00:00,8.5
11/18/2022,2:00:00,8.48
11/18/2022,4:00:00,8.44
11/18/2022,6:00:00,8.41
11/18/2022,8:00:00,8.35
11/18/2022,10:00:00,8.26
11/18/2022,12:00:00,8.16
11/18/2022,14:00:00,8.15
11/18/2022,16:00:00,8.11
11/18/2022,18:00:00,8.06
11/18/2022,20:00:00,7.99
11/18/2022,22:00:00,7.96
11/19/2022,0:00:00,7.92
11/19/2022,2:00:00,7.89
11/19/2022,4:00:00,7.85
11/19/2022,6:00:00,7.82
11/19/2022,8:00:00,7.81
11/19/2022,10:00:00,7.79
11/19/2022,12:00:00,7.25
11/19/2022,14:00:00,7.52
11/19/2022,16:00:00,7.67
11/19/2022,18:00:00,7.68
11/19/2022,20:00:00,7.49
11/19/2022,22:00:00,7.28
11/20/2022,0:00:00,6.99
11/20/2022,2:00:00,6.51
11/20/2022,4:00:00,6.97
11/20/2022,6:00:00,7.14
11/20/2022,8:00:00,6.34
11/20/2022,10:00:00,7.31
11/20/2022,12:00:00,6.73
11/20/2022,14:00:00,6.96
11/20/2022,16:00:00,7.26
11/20/2022,18:00:00,7.24
11/20/2022,20:00:00,7.03
11/20/2022,22:00:00,7.07
11/21/2022,0:00:00,6.91
11/21/2022,2:00:00,6.85
11/21/2022,4:00:00,6.88
11/21/2022,6:00:00,6.83
11/21/2022,8:00:00,6.8
11/21/2022,10:00:00,6.79
11/21/2022,12:00:00,6.69
11/21/2022,14:00:00,6.65
11/21/2022,16:00:00,6.59
11/21/2022,18:00:00,6.53
11/21/2022,20:00:00,6.49
11/21/2022,22:00:00,6.43
11/22/2022,0:00:00,5.19
11/22/2022,2:00:00,5.57
11/22/2022,4:00:00,6.14
11/22/2022,6:00:00,6.03
11/22/2022,8:00:00,6.38
11/22/2022,10:00:00,6.33
11/22/2022,12:00:00,6.32
11/22/2022,14:00:00,6.36
11/22/2022,16:00:00,6.42
11/22/2022,18:00:00,6.48
11/22/2022,20:00:00,6.37
11/22/2022,22:00:00,4.65
11/23/2022,0:00:00,4.02
11/23/2022,2:00:00,3.9
11/23/2022,4:00:00,4.31
11/23/2022,6:00:00,4.47
11/23/2022,8:00:00,4.97
11/23/2022,10:00:00,5.68
11/23/2022,12:00:00,5.98
11/23/2022,14:00:00,6.12
11/23/2022,16:00:00,6.12
11/23/2022,18:00:00,6.24
11/23/2022,20:00:00,6.19
11/23/2022,22:00:00,6
11/24/2022,0:00:00,3.59
11/24/2022,2:00:00,3.79
11/24/2022,4:00:00,5.04
11/24/2022,6:00:00,5.71
11/24/2022,8:00:00,5.92
11/24/2022,10:00:00,5.92
11/24/2022,12:00:00,5.92
11/24/2022,14:00:00,5.92
11/24/2022,16:00:00,5.91
11/24/2022,18:00:00,5.91
11/24/2022,20:00:00,5.88
11/24/2022,22:00:00,5.8
11/25/2022,0:00:00,5.55
11/25/2022,2:00:00,4.82
11/25/2022,4:00:00,3.22
11/25/2022,6:00:00,5.01
11/25/2022,8:00:00,5.17
11/25/2022,10:00:00,5.51
11/25/2022,12:00:00,5.5
11/25/2022,14:00:00,5.49
11/25/2022,16:00:00,5.27
11/25/2022,18:00:00,5.29
11/25/2022,20:00:00,5.4
11/25/2022,22:00:00,5.38
11/26/2022,0:00:00,5.1
11/26/2022,2:00:00,5.33
11/26/2022,4:00:00,5.43
11/26/2022,6:00:00,5.36
11/26/2022,8:00:00,5
11/26/2022,10:00:00,4.74
11/26/2022,12:00:00,4.97
11/26/2022,14:00:00,5.1
11/26/2022,16:00:00,5.34
11/26/2022,18:00:00,5.5
11/26/2022,20:00:00,5.56
11/26/2022,22:00:00,5.62
11/27/2022,0:00:00,5.39
11/27/2022,2:00:00,4.96
11/27/2022,4:00:00,4.46
11/27/2022,6:00:00,4.03
11/27/2022,8:00:00,4.65
11/27/2022,10:00:00,4.83
11/27/2022,12:00:00,5.33
11/27/2022,14:00:00,5.36
11/27/2022,16:00:00,5.38
11/27/2022,18:00:00,5.39
11/27/2022,20:00:00,5.42
11/27/2022,22:00:00,5.43
11/28/2022,0:00:00,5.45
11/28/2022,2:00:00,5.21
11/28/2022,4:00:00,4.89
11/28/2022,6:00:00,4.31
11/28/2022,8:00:00,4.45
11/28/2022,10:00:00,4.38
11/28/2022,12:00:00,4.53
11/28/2022,14:00:00,4.83
11/28/2022,16:00:00,4.89
11/28/2022,18:00:00,4.97
11/28/2022,20:00:00,5.29
11/28/2022,22:00:00,5.39
11/29/2022,0:00:00,5.41
11/29/2022,2:00:00,5.02
11/29/2022,4:00:00,4.72
11/29/2022,6:00:00,4.36
11/29/2022,8:00:00,4.87
11/29/2022,10:00:00,4.92
11/29/2022,12:00:00,5.02
11/29/2022,14:00:00,5.09
11/29/2022,16:00:00,5.11
11/29/2022,18:00:00,5.11
11/29/2022,20:00:00,5.11
11/29/2022,22:00:00,5.13
11/30/2022,0:00:00,5.14
11/30/2022,2:00:00,5.1
11/30/2022,4:00:00,5
11/30/2022,6:00:00,4.61
11/30/2022,8:00:00,4.01
11/30/2022,10:00:00,4.02
11/30/2022,12:00:00,4.31
11/30/2022,14:00:00,4.09
11/30/2022,16:00:00,4.57
11/30/2022,18:00:00,4.39
11/30/2022,20:00:00,4.46
11/30/2022,22:00:00,4.67
12/1/2022,0:00:00,4.71
12/1/2022,2:00:00,4.81
12/1/2022,4:00:00,4.82
12/1/2022,6:00:00,4.84
12/1/2022,8:00:00,5.1
12/1/2022,10:00:00,5.07
12/1/2022,12:00:00,5.08
12/1/2022,14:00:00,5.08
12/1/2022,16:00:00,5.07
12/1/2022,18:00:00,5.03
12/1/2022,20:00:00,4.94
12/1/2022,22:00:00,4.89
12/2/2022,0:00:00,4.84
12/2/2022,2:00:00,4.76
12/2/2022,4:00:00,4.62
12/2/2022,6:00:00,4.08
12/2/2022,8:00:00,3.9
12/2/2022,10:00:00,3.69
12/2/2022,12:00:00,4.21
12/2/2022,14:00:00,4.7
12/2/2022,16:00:00,4.73
12/2/2022,18:00:00,4.72
12/2/2022,20:00:00,4.69
12/2/2022,22:00:00,4.57
12/3/2022,0:00:00,4.55
12/3/2022,2:00:00,4.55
12/3/2022,4:00:00,4.61
12/3/2022,6:00:00,4.62
12/3/2022,8:00:00,4.48
12/3/2022,10:00:00,4.42
12/3/2022,12:00:00,4.54
12/3/2022,14:00:00,4.72
12/3/2022,16:00:00,4.77
12/3/2022,18:00:00,4.82
12/3/2022,20:00:00,4.84
12/3/2022,22:00:00,4.83
12/4/2022,0:00:00,4.82
12/4/2022,2:00:00,4.73
12/4/2022,4:00:00,4.8
12/4/2022,6:00:00,4.78
12/4/2022,8:00:00,4.77
12/4/2022,10:00:00,4.74
12/4/2022,12:00:00,4.75
12/4/2022,14:00:00,4.76
12/4/2022,16:00:00,4.75
12/4/2022,18:00:00,4.74
12/4/2022,20:00:00,4.72
12/4/2022,22:00:00,4.67
12/5/2022,0:00:00,4.5
12/5/2022,2:00:00,4.41
12/5/2022,4:00:00,4.55
12/5/2022,6:00:00,4.63
12/5/2022,8:00:00,4.58
12/5/2022,10:00:00,4.63
12/5/2022,12:00:00,4.57
12/5/2022,14:00:00,4.19
12/5/2022,16:00:00,4.34
12/5/2022,18:00:00,4.4
12/5/2022,20:00:00,4.35
12/5/2022,22:00:00,4.3
12/6/2022,0:00:00,4.39
12/6/2022,2:00:00,4.1
12/6/2022,4:00:00,4.15
12/6/2022,6:00:00,4.42
12/6/2022,8:00:00,4.49
12/6/2022,10:00:00,4.49
12/6/2022,12:00:00,4.46
12/6/2022,14:00:00,4.53
12/6/2022,16:00:00,4.54
12/6/2022,18:00:00,4.54
12/6/2022,20:00:00,4.56
12/6/2022,22:00:00,4.57
12/7/2022,0:00:00,4.58
12/7/2022,2:00:00,3.93
12/7/2022,4:00:00,3.94
12/7/2022,6:00:00,4.08
12/7/2022,8:00:00,4.56
12/7/2022,10:00:00,4.61
12/7/2022,12:00:00,4.67
12/7/2022,14:00:00,4.67
12/7/2022,16:00:00,4.69
12/7/2022,18:00:00,4.69
12/7/2022,20:00:00,4.62
12/7/2022,22:00:00,4.77
12/8/2022,0:00:00,4.79
12/8/2022,2:00:00,4.79
12/8/2022,4:00:00,4.81
12/8/2022,6:00:00,4.84
12/8/2022,8:00:00,4.85
12/8/2022,10:00:00,4.86
12/8/2022,12:00:00,4.89
12/8/2022,14:00:00,4.9
12/8/2022,16:00:00,4.9
12/8/2022,18:00:00,4.91
12/8/2022,20:00:00,4.89
12/8/2022,22:00:00,4.87
12/9/2022,0:00:00,4.85
12/9/2022,2:00:00,4.85
12/9/2022,4:00:00,4.85
12/9/2022,6:00:00,4.73
12/9/2022,8:00:00,4.71
12/9/2022,10:00:00,4.7
12/9/2022,12:00:00,4.7
12/9/2022,14:00:00,4.69
12/9/2022,16:00:00,4.65
12/9/2022,18:00:00,4.65
12/9/2022,20:00:00,4.67
12/9/2022,22:00:00,4.65
12/10/2022,0:00:00,4.57
12/10/2022,2:00:00,4.38
12/10/2022,4:00:00,4.07
12/10/2022,6:00:00,4.33
12/10/2022,8:00:00,4.38
12/10/2022,10:00:00,4.32
12/10/2022,12:00:00,4.26
12/10/2022,14:00:00,4.21
12/10/2022,16:00:00,4.16
12/10/2022,18:00:00,4.09
12/10/2022,20:00:00,4.03
12/10/2022,22:00:00,4
12/11/2022,0:00:00,3.88
12/11/2022,2:00:00,3.79
12/11/2022,4:00:00,3.82
12/11/2022,6:00:00,3.87
12/11/2022,8:00:00,3.2
12/11/2022,10:00:00,2.61
12/11/2022,12:00:00,2.56
12/11/2022,14:00:00,2.89
12/11/2022,16:00:00,2.92
12/11/2022,18:00:00,3.6
12/11/2022,20:00:00,3.64
12/11/2022,22:00:00,3.63
12/12/2022,0:00:00,3.58
12/12/2022,2:00:00,2.81
12/12/2022,4:00:00,1.83
12/12/2022,6:00:00,2.21
12/12/2022,8:00:00,2.38
12/12/2022,10:00:00,2.99
12/12/2022,12:00:00,3.44
12/12/2022,14:00:00,3.45
12/12/2022,16:00:00,3.43
12/12/2022,18:00:00,3.46
12/12/2022,20:00:00,3.44
12/12/2022,22:00:00,3.38
12/13/2022,0:00:00,3.31
12/13/2022,2:00:00,3.17
12/13/2022,4:00:00,2.97
12/13/2022,6:00:00,2.19
12/13/2022,8:00:00,2.44
12/13/2022,10:00:00,3.02
12/13/2022,12:00:00,3.12
12/13/2022,14:00:00,3.17
12/13/2022,16:00:00,3.18
12/13/2022,18:00:00,2.84
12/13/2022,20:00:00,2.94
12/13/2022,22:00:00,2.89
12/14/2022,0:00:00,2.85
12/14/2022,2:00:00,2.8
12/14/2022,4:00:00,1.89
12/14/2022,6:00:00,2.76
12/14/2022,8:00:00,2.9
12/14/2022,10:00:00,2.91
12/14/2022,12:00:00,2.97
12/14/2022,14:00:00,3.03
12/14/2022,16:00:00,2.58
12/14/2022,18:00:00,2.75
12/14/2022,20:00:00,2.68
12/14/2022,22:00:00,2.53
12/15/2022,0:00:00,2.84
12/15/2022,2:00:00,2.99
12/15/2022,4:00:00,2.99
12/15/2022,6:00:00,2.94
12/15/2022,8:00:00,2.9
12/15/2022,10:00:00,2.84
12/15/2022,12:00:00,2.74
12/15/2022,14:00:00,2.75
12/15/2022,16:00:00,2.43
12/15/2022,18:00:00,2.47
12/15/2022,20:00:00,2.42
12/15/2022,22:00:00,2.42
12/16/2022,0:00:00,2.47
12/16/2022,2:00:00,2.31
12/16/2022,4:00:00,2.08
12/16/2022,6:00:00,2.3
12/16/2022,8:00:00,2.32
12/16/2022,10:00:00,2.3
12/16/2022,12:00:00,2.37
12/16/2022,14:00:00,2.28
12/16/2022,16:00:00,2.27
12/16/2022,18:00:00,2.22
12/16/2022,20:00:00,2.23
12/16/2022,22:00:00,2.28
12/17/2022,0:00:00,2.37
12/17/2022,2:00:00,2.37
12/17/2022,4:00:00,2.33
12/17/2022,6:00:00,2.44
12/17/2022,8:00:00,2.58
12/17/2022,10:00:00,2.65
12/17/2022,12:00:00,2.78
12/17/2022,14:00:00,2.81
12/17/2022,16:00:00,2.84
12/17/2022,18:00:00,2.84
12/17/2022,20:00:00,2.88
12/17/2022,22:00:00,2.96
12/18/2022,0:00:00,2.96
12/18/2022,2:00:00,2.98
12/18/2022,4:00:00,2.98
12/18/2022,6:00:00,2.93
12/18/2022,8:00:00,2.89
12/18/2022,10:00:00,2.93
12/18/2022,12:00:00,3
12/18/2022,14:00:00,3
12/18/2022,16:00:00,2.98
12/18/2022,18:00:00,2.97
12/18/2022,20:00:00,2.96
12/18/2022,22:00:00,2.96
12/19/2022,0:00:00,2.98
12/19/2022,2:00:00,2.98
12/19/2022,4:00:00,2.98
12/19/2022,6:00:00,2.99
12/19/2022,8:00:00,2.98
12/19/2022,10:00:00,2.95
12/19/2022,12:00:00,2.97
12/19/2022,14:00:00,2.98
12/19/2022,16:00:00,2.99
12/19/2022,18:00:00,2.99
12/19/2022,20:00:00,2.96
12/19/2022,22:00:00,2.98
12/20/2022,0:00:00,2.97
12/20/2022,2:00:00,2.95
12/20/2022,4:00:00,2.94
12/20/2022,6:00:00,2.89
12/20/2022,8:00:00,2.85
12/20/2022,10:00:00,2.82
12/20/2022,12:00:00,2.8
12/20/2022,14:00:00,2.83
12/20/2022,16:00:00,2.7
12/20/2022,18:00:00,2.7
12/20/2022,20:00:00,2.59
12/20/2022,22:00:00,2.63